"","strain1","strain2","sig.at.both","not.sig.gxl"
"1","129S1/SvImJ","A/J",0,0
"2","129S1/SvImJ","AKR/J",2,0
"3","129S1/SvImJ","BALB/cByJ",1,0
"4","129S1/SvImJ","BTBR T<+> Itpr3<tf>/J",2,0
"5","129S1/SvImJ","C3H/HeJ",1,0
"6","129S1/SvImJ","C57BL/6J",0,1
"7","129S1/SvImJ","C57BLKS/J",0,0
"8","129S1/SvImJ","CAST/EiJ",2,0
"9","129S1/SvImJ","CBA/J",1,0
"10","129S1/SvImJ","DBA/2J",2,0
"11","129S1/SvImJ","DDY/JclSidSeyFrkJ",1,0
"12","129S1/SvImJ","FVB/NJ",1,0
"13","129S1/SvImJ","KK/HlJ",2,0
"14","129S1/SvImJ","MA/MyJ",0,0
"15","129S1/SvImJ","MOLF/EiJ",2,0
"16","129S1/SvImJ","MRL/MpJ",1,0
"17","129S1/SvImJ","MSM/MsJ",2,0
"18","129S1/SvImJ","NOD/ShiLtJ",1,0
"19","129S1/SvImJ","NON/ShiLtJ",2,0
"20","129S1/SvImJ","NZL/LtJ",1,0
"21","129S1/SvImJ","NZO/HlLtJ",1,0
"22","129S1/SvImJ","NZW/LacJ",2,0
"23","129S1/SvImJ","PWK/PhJ",2,0
"24","129S1/SvImJ","SJL/J",1,0
"25","129S1/SvImJ","SM/J",1,0
"26","129S1/SvImJ","WSB/EiJ",2,0
"27","129S1/SvImJ","BUB/BnJ",1,0
"28","129S1/SvImJ","C57BL/10J",0,0
"29","129S1/SvImJ","C57BR/cdJ",1,0
"30","129S1/SvImJ","C57L/J",0,0
"31","129S1/SvImJ","C58/J",0,0
"32","129S1/SvImJ","CE/J",1,0
"33","129S1/SvImJ","CZECHII/EiJ",1,0
"34","129S1/SvImJ","I/LnJ",0,0
"35","129S1/SvImJ","JF1/MsJ",1,0
"36","129S1/SvImJ","LP/J",0,0
"37","129S1/SvImJ","NZB/BlNJ",1,0
"38","129S1/SvImJ","PERA/EiJ",0,0
"39","129S1/SvImJ","PL/J",0,1
"40","129S1/SvImJ","RIIIS/J",1,0
"41","129S1/SvImJ","SEA/GnJ",0,1
"42","129S1/SvImJ","SPRET/EiJ",1,0
"43","129S1/SvImJ","SWR/J",0,0
"44","A/J","AKR/J",2,0
"45","A/J","BALB/cByJ",2,0
"46","A/J","BTBR T<+> Itpr3<tf>/J",2,0
"47","A/J","C3H/HeJ",0,1
"48","A/J","C57BL/6J",1,0
"49","A/J","C57BLKS/J",1,0
"50","A/J","CAST/EiJ",2,0
"51","A/J","CBA/J",2,0
"52","A/J","DBA/2J",1,1
"53","A/J","DDY/JclSidSeyFrkJ",1,0
"54","A/J","FVB/NJ",1,0
"55","A/J","KK/HlJ",2,0
"56","A/J","MA/MyJ",0,0
"57","A/J","MOLF/EiJ",2,0
"58","A/J","MRL/MpJ",1,0
"59","A/J","MSM/MsJ",2,0
"60","A/J","NOD/ShiLtJ",1,1
"61","A/J","NON/ShiLtJ",2,0
"62","A/J","NZL/LtJ",1,0
"63","A/J","NZO/HlLtJ",1,0
"64","A/J","NZW/LacJ",2,0
"65","A/J","PWK/PhJ",2,0
"66","A/J","SJL/J",0,0
"67","A/J","SM/J",1,0
"68","A/J","WSB/EiJ",2,0
"69","A/J","BUB/BnJ",1,0
"70","A/J","C57BL/10J",0,0
"71","A/J","C57BR/cdJ",0,0
"72","A/J","C57L/J",0,0
"73","A/J","C58/J",0,0
"74","A/J","CE/J",1,0
"75","A/J","CZECHII/EiJ",1,0
"76","A/J","I/LnJ",0,0
"77","A/J","JF1/MsJ",1,0
"78","A/J","LP/J",0,0
"79","A/J","NZB/BlNJ",1,0
"80","A/J","PERA/EiJ",0,0
"81","A/J","PL/J",0,1
"82","A/J","RIIIS/J",1,0
"83","A/J","SEA/GnJ",0,1
"84","A/J","SPRET/EiJ",1,0
"85","A/J","SWR/J",0,0
"86","AKR/J","BALB/cByJ",2,0
"87","AKR/J","BTBR T<+> Itpr3<tf>/J",1,0
"88","AKR/J","C3H/HeJ",1,0
"89","AKR/J","C57BL/6J",1,1
"90","AKR/J","C57BLKS/J",1,0
"91","AKR/J","CAST/EiJ",2,0
"92","AKR/J","CBA/J",1,0
"93","AKR/J","DBA/2J",1,0
"94","AKR/J","DDY/JclSidSeyFrkJ",1,0
"95","AKR/J","FVB/NJ",1,0
"96","AKR/J","KK/HlJ",0,1
"97","AKR/J","MA/MyJ",1,0
"98","AKR/J","MOLF/EiJ",2,0
"99","AKR/J","MRL/MpJ",1,0
"100","AKR/J","MSM/MsJ",2,0
"101","AKR/J","NOD/ShiLtJ",1,0
"102","AKR/J","NON/ShiLtJ",1,1
"103","AKR/J","NZL/LtJ",1,0
"104","AKR/J","NZO/HlLtJ",1,0
"105","AKR/J","NZW/LacJ",2,0
"106","AKR/J","PWK/PhJ",2,0
"107","AKR/J","SJL/J",2,0
"108","AKR/J","SM/J",1,0
"109","AKR/J","WSB/EiJ",2,0
"110","AKR/J","BUB/BnJ",0,0
"111","AKR/J","C57BL/10J",1,0
"112","AKR/J","C57BR/cdJ",1,0
"113","AKR/J","C57L/J",1,0
"114","AKR/J","C58/J",1,0
"115","AKR/J","CE/J",0,1
"116","AKR/J","CZECHII/EiJ",1,0
"117","AKR/J","I/LnJ",1,0
"118","AKR/J","JF1/MsJ",1,0
"119","AKR/J","LP/J",1,0
"120","AKR/J","NZB/BlNJ",0,1
"121","AKR/J","PERA/EiJ",1,0
"122","AKR/J","PL/J",1,0
"123","AKR/J","RIIIS/J",1,0
"124","AKR/J","SEA/GnJ",1,0
"125","AKR/J","SPRET/EiJ",1,0
"126","AKR/J","SWR/J",1,0
"127","BALB/cByJ","BTBR T<+> Itpr3<tf>/J",2,0
"128","BALB/cByJ","C3H/HeJ",0,0
"129","BALB/cByJ","C57BL/6J",0,0
"130","BALB/cByJ","C57BLKS/J",1,1
"131","BALB/cByJ","CAST/EiJ",2,0
"132","BALB/cByJ","CBA/J",0,1
"133","BALB/cByJ","DBA/2J",1,0
"134","BALB/cByJ","DDY/JclSidSeyFrkJ",1,0
"135","BALB/cByJ","FVB/NJ",0,0
"136","BALB/cByJ","KK/HlJ",2,0
"137","BALB/cByJ","MA/MyJ",1,0
"138","BALB/cByJ","MOLF/EiJ",2,0
"139","BALB/cByJ","MRL/MpJ",1,0
"140","BALB/cByJ","MSM/MsJ",2,0
"141","BALB/cByJ","NOD/ShiLtJ",0,0
"142","BALB/cByJ","NON/ShiLtJ",2,0
"143","BALB/cByJ","NZL/LtJ",1,0
"144","BALB/cByJ","NZO/HlLtJ",1,0
"145","BALB/cByJ","NZW/LacJ",1,0
"146","BALB/cByJ","PWK/PhJ",2,0
"147","BALB/cByJ","SJL/J",2,0
"148","BALB/cByJ","SM/J",1,0
"149","BALB/cByJ","WSB/EiJ",2,0
"150","BALB/cByJ","BUB/BnJ",1,0
"151","BALB/cByJ","C57BL/10J",1,0
"152","BALB/cByJ","C57BR/cdJ",1,0
"153","BALB/cByJ","C57L/J",0,1
"154","BALB/cByJ","C58/J",1,0
"155","BALB/cByJ","CE/J",0,0
"156","BALB/cByJ","CZECHII/EiJ",1,0
"157","BALB/cByJ","I/LnJ",0,1
"158","BALB/cByJ","JF1/MsJ",1,0
"159","BALB/cByJ","LP/J",1,0
"160","BALB/cByJ","NZB/BlNJ",0,0
"161","BALB/cByJ","PERA/EiJ",0,1
"162","BALB/cByJ","PL/J",1,0
"163","BALB/cByJ","RIIIS/J",1,0
"164","BALB/cByJ","SEA/GnJ",1,0
"165","BALB/cByJ","SPRET/EiJ",1,0
"166","BALB/cByJ","SWR/J",1,0
"167","BTBR T<+> Itpr3<tf>/J","C3H/HeJ",2,0
"168","BTBR T<+> Itpr3<tf>/J","C57BL/6J",2,0
"169","BTBR T<+> Itpr3<tf>/J","C57BLKS/J",2,0
"170","BTBR T<+> Itpr3<tf>/J","CAST/EiJ",2,0
"171","BTBR T<+> Itpr3<tf>/J","CBA/J",1,1
"172","BTBR T<+> Itpr3<tf>/J","DBA/2J",2,0
"173","BTBR T<+> Itpr3<tf>/J","DDY/JclSidSeyFrkJ",0,1
"174","BTBR T<+> Itpr3<tf>/J","FVB/NJ",2,0
"175","BTBR T<+> Itpr3<tf>/J","KK/HlJ",1,0
"176","BTBR T<+> Itpr3<tf>/J","MA/MyJ",2,0
"177","BTBR T<+> Itpr3<tf>/J","MOLF/EiJ",2,0
"178","BTBR T<+> Itpr3<tf>/J","MRL/MpJ",1,0
"179","BTBR T<+> Itpr3<tf>/J","MSM/MsJ",2,0
"180","BTBR T<+> Itpr3<tf>/J","NOD/ShiLtJ",2,0
"181","BTBR T<+> Itpr3<tf>/J","NON/ShiLtJ",2,0
"182","BTBR T<+> Itpr3<tf>/J","NZL/LtJ",1,0
"183","BTBR T<+> Itpr3<tf>/J","NZO/HlLtJ",1,0
"184","BTBR T<+> Itpr3<tf>/J","NZW/LacJ",1,0
"185","BTBR T<+> Itpr3<tf>/J","PWK/PhJ",2,0
"186","BTBR T<+> Itpr3<tf>/J","SJL/J",2,0
"187","BTBR T<+> Itpr3<tf>/J","SM/J",2,0
"188","BTBR T<+> Itpr3<tf>/J","WSB/EiJ",2,0
"189","BTBR T<+> Itpr3<tf>/J","BUB/BnJ",0,0
"190","BTBR T<+> Itpr3<tf>/J","C57BL/10J",1,0
"191","BTBR T<+> Itpr3<tf>/J","C57BR/cdJ",1,0
"192","BTBR T<+> Itpr3<tf>/J","C57L/J",1,0
"193","BTBR T<+> Itpr3<tf>/J","C58/J",1,0
"194","BTBR T<+> Itpr3<tf>/J","CE/J",0,1
"195","BTBR T<+> Itpr3<tf>/J","CZECHII/EiJ",1,0
"196","BTBR T<+> Itpr3<tf>/J","I/LnJ",1,0
"197","BTBR T<+> Itpr3<tf>/J","JF1/MsJ",1,0
"198","BTBR T<+> Itpr3<tf>/J","LP/J",1,0
"199","BTBR T<+> Itpr3<tf>/J","NZB/BlNJ",0,0
"200","BTBR T<+> Itpr3<tf>/J","PERA/EiJ",1,0
"201","BTBR T<+> Itpr3<tf>/J","PL/J",1,0
"202","BTBR T<+> Itpr3<tf>/J","RIIIS/J",1,0
"203","BTBR T<+> Itpr3<tf>/J","SEA/GnJ",1,0
"204","BTBR T<+> Itpr3<tf>/J","SPRET/EiJ",1,0
"205","BTBR T<+> Itpr3<tf>/J","SWR/J",1,0
"206","C3H/HeJ","C57BL/6J",0,0
"207","C3H/HeJ","C57BLKS/J",1,0
"208","C3H/HeJ","CAST/EiJ",2,0
"209","C3H/HeJ","CBA/J",0,0
"210","C3H/HeJ","DBA/2J",0,0
"211","C3H/HeJ","DDY/JclSidSeyFrkJ",1,0
"212","C3H/HeJ","FVB/NJ",0,0
"213","C3H/HeJ","KK/HlJ",2,0
"214","C3H/HeJ","MA/MyJ",1,0
"215","C3H/HeJ","MOLF/EiJ",2,0
"216","C3H/HeJ","MRL/MpJ",1,0
"217","C3H/HeJ","MSM/MsJ",2,0
"218","C3H/HeJ","NOD/ShiLtJ",0,0
"219","C3H/HeJ","NON/ShiLtJ",2,0
"220","C3H/HeJ","NZL/LtJ",1,0
"221","C3H/HeJ","NZO/HlLtJ",1,0
"222","C3H/HeJ","NZW/LacJ",1,0
"223","C3H/HeJ","PWK/PhJ",2,0
"224","C3H/HeJ","SJL/J",0,1
"225","C3H/HeJ","SM/J",1,0
"226","C3H/HeJ","WSB/EiJ",2,0
"227","C3H/HeJ","C57BL/10J",0,1
"228","C3H/HeJ","C57BR/cdJ",0,0
"229","C3H/HeJ","C57L/J",0,0
"230","C3H/HeJ","C58/J",1,0
"231","C3H/HeJ","CE/J",0,0
"232","C3H/HeJ","CZECHII/EiJ",1,0
"233","C3H/HeJ","I/LnJ",0,0
"234","C3H/HeJ","JF1/MsJ",1,0
"235","C3H/HeJ","LP/J",1,0
"236","C3H/HeJ","NZB/BlNJ",0,0
"237","C3H/HeJ","PERA/EiJ",0,0
"238","C3H/HeJ","PL/J",1,0
"239","C3H/HeJ","RIIIS/J",1,0
"240","C3H/HeJ","SEA/GnJ",1,0
"241","C3H/HeJ","SPRET/EiJ",1,0
"242","C3H/HeJ","SWR/J",1,0
"243","C57BL/6J","C57BLKS/J",0,0
"244","C57BL/6J","CAST/EiJ",2,0
"245","C57BL/6J","CBA/J",1,0
"246","C57BL/6J","DBA/2J",0,1
"247","C57BL/6J","DDY/JclSidSeyFrkJ",1,0
"248","C57BL/6J","FVB/NJ",0,0
"249","C57BL/6J","KK/HlJ",2,0
"250","C57BL/6J","MA/MyJ",0,1
"251","C57BL/6J","MOLF/EiJ",2,0
"252","C57BL/6J","MRL/MpJ",1,0
"253","C57BL/6J","MSM/MsJ",2,0
"254","C57BL/6J","NOD/ShiLtJ",0,0
"255","C57BL/6J","NON/ShiLtJ",2,0
"256","C57BL/6J","NZL/LtJ",1,0
"257","C57BL/6J","NZO/HlLtJ",1,0
"258","C57BL/6J","NZW/LacJ",1,1
"259","C57BL/6J","PWK/PhJ",2,0
"260","C57BL/6J","SJL/J",1,0
"261","C57BL/6J","SM/J",1,0
"262","C57BL/6J","WSB/EiJ",2,0
"263","C57BL/6J","C57BR/cdJ",0,0
"264","C57BL/6J","C57L/J",0,0
"265","C57BL/6J","C58/J",0,0
"266","C57BL/6J","CE/J",0,0
"267","C57BL/6J","CZECHII/EiJ",1,0
"268","C57BL/6J","I/LnJ",0,0
"269","C57BL/6J","JF1/MsJ",1,0
"270","C57BL/6J","LP/J",0,0
"271","C57BL/6J","NZB/BlNJ",1,0
"272","C57BL/6J","PERA/EiJ",0,0
"273","C57BL/6J","PL/J",1,0
"274","C57BL/6J","RIIIS/J",1,0
"275","C57BL/6J","SEA/GnJ",1,0
"276","C57BL/6J","SPRET/EiJ",1,0
"277","C57BL/6J","SWR/J",1,0
"278","C57BLKS/J","CAST/EiJ",2,0
"279","C57BLKS/J","CBA/J",1,0
"280","C57BLKS/J","DBA/2J",1,0
"281","C57BLKS/J","DDY/JclSidSeyFrkJ",1,0
"282","C57BLKS/J","FVB/NJ",1,0
"283","C57BLKS/J","KK/HlJ",2,0
"284","C57BLKS/J","MA/MyJ",0,0
"285","C57BLKS/J","MOLF/EiJ",2,0
"286","C57BLKS/J","MRL/MpJ",1,0
"287","C57BLKS/J","MSM/MsJ",2,0
"288","C57BLKS/J","NOD/ShiLtJ",1,0
"289","C57BLKS/J","NON/ShiLtJ",2,0
"290","C57BLKS/J","NZL/LtJ",1,0
"291","C57BLKS/J","NZO/HlLtJ",1,0
"292","C57BLKS/J","NZW/LacJ",2,0
"293","C57BLKS/J","PWK/PhJ",2,0
"294","C57BLKS/J","SJL/J",1,0
"295","C57BLKS/J","SM/J",1,0
"296","C57BLKS/J","WSB/EiJ",2,0
"297","C57BLKS/J","C57BR/cdJ",1,0
"298","C57BLKS/J","C57L/J",0,0
"299","C57BLKS/J","C58/J",0,0
"300","C57BLKS/J","CE/J",1,0
"301","C57BLKS/J","CZECHII/EiJ",1,0
"302","C57BLKS/J","I/LnJ",0,0
"303","C57BLKS/J","JF1/MsJ",1,0
"304","C57BLKS/J","LP/J",0,0
"305","C57BLKS/J","NZB/BlNJ",1,0
"306","C57BLKS/J","PERA/EiJ",0,0
"307","C57BLKS/J","PL/J",1,0
"308","C57BLKS/J","RIIIS/J",1,0
"309","C57BLKS/J","SEA/GnJ",0,1
"310","C57BLKS/J","SPRET/EiJ",1,0
"311","C57BLKS/J","SWR/J",0,0
"312","CAST/EiJ","CBA/J",2,0
"313","CAST/EiJ","DBA/2J",2,0
"314","CAST/EiJ","DDY/JclSidSeyFrkJ",1,0
"315","CAST/EiJ","FVB/NJ",2,0
"316","CAST/EiJ","KK/HlJ",2,0
"317","CAST/EiJ","MA/MyJ",2,0
"318","CAST/EiJ","MOLF/EiJ",0,0
"319","CAST/EiJ","MRL/MpJ",1,0
"320","CAST/EiJ","MSM/MsJ",2,0
"321","CAST/EiJ","NOD/ShiLtJ",2,0
"322","CAST/EiJ","NON/ShiLtJ",2,0
"323","CAST/EiJ","NZL/LtJ",1,0
"324","CAST/EiJ","NZO/HlLtJ",1,0
"325","CAST/EiJ","NZW/LacJ",2,0
"326","CAST/EiJ","PWK/PhJ",1,0
"327","CAST/EiJ","SJL/J",2,0
"328","CAST/EiJ","SM/J",2,0
"329","CAST/EiJ","WSB/EiJ",1,0
"330","CAST/EiJ","CE/J",1,0
"331","CAST/EiJ","CZECHII/EiJ",0,0
"332","CAST/EiJ","I/LnJ",1,0
"333","CAST/EiJ","JF1/MsJ",1,0
"334","CAST/EiJ","LP/J",1,0
"335","CAST/EiJ","NZB/BlNJ",1,0
"336","CAST/EiJ","PERA/EiJ",1,0
"337","CAST/EiJ","PL/J",1,0
"338","CAST/EiJ","RIIIS/J",1,0
"339","CAST/EiJ","SEA/GnJ",1,0
"340","CAST/EiJ","SPRET/EiJ",1,0
"341","CAST/EiJ","SWR/J",1,0
"342","CBA/J","DBA/2J",0,0
"343","CBA/J","DDY/JclSidSeyFrkJ",1,0
"344","CBA/J","FVB/NJ",0,1
"345","CBA/J","KK/HlJ",2,0
"346","CBA/J","MA/MyJ",1,0
"347","CBA/J","MOLF/EiJ",2,0
"348","CBA/J","MRL/MpJ",1,0
"349","CBA/J","MSM/MsJ",2,0
"350","CBA/J","NOD/ShiLtJ",0,0
"351","CBA/J","NON/ShiLtJ",2,0
"352","CBA/J","NZL/LtJ",1,0
"353","CBA/J","NZO/HlLtJ",1,0
"354","CBA/J","NZW/LacJ",1,0
"355","CBA/J","PWK/PhJ",2,0
"356","CBA/J","SJL/J",2,0
"357","CBA/J","SM/J",1,0
"358","CBA/J","WSB/EiJ",2,0
"359","CBA/J","CE/J",0,0
"360","CBA/J","CZECHII/EiJ",1,0
"361","CBA/J","I/LnJ",1,0
"362","CBA/J","JF1/MsJ",1,0
"363","CBA/J","LP/J",1,0
"364","CBA/J","NZB/BlNJ",0,0
"365","CBA/J","PERA/EiJ",1,0
"366","CBA/J","PL/J",1,0
"367","CBA/J","RIIIS/J",1,0
"368","CBA/J","SEA/GnJ",1,0
"369","CBA/J","SPRET/EiJ",1,0
"370","CBA/J","SWR/J",1,0
"371","DBA/2J","DDY/JclSidSeyFrkJ",1,0
"372","DBA/2J","FVB/NJ",0,1
"373","DBA/2J","KK/HlJ",2,0
"374","DBA/2J","MA/MyJ",1,0
"375","DBA/2J","MOLF/EiJ",2,0
"376","DBA/2J","MRL/MpJ",1,0
"377","DBA/2J","MSM/MsJ",2,0
"378","DBA/2J","NOD/ShiLtJ",0,0
"379","DBA/2J","NON/ShiLtJ",2,0
"380","DBA/2J","NZL/LtJ",1,0
"381","DBA/2J","NZO/HlLtJ",1,0
"382","DBA/2J","NZW/LacJ",1,0
"383","DBA/2J","PWK/PhJ",2,0
"384","DBA/2J","SJL/J",1,1
"385","DBA/2J","SM/J",1,0
"386","DBA/2J","WSB/EiJ",2,0
"387","DBA/2J","I/LnJ",0,0
"388","DBA/2J","JF1/MsJ",1,0
"389","DBA/2J","LP/J",1,0
"390","DBA/2J","NZB/BlNJ",0,0
"391","DBA/2J","PERA/EiJ",0,0
"392","DBA/2J","PL/J",1,0
"393","DBA/2J","RIIIS/J",1,0
"394","DBA/2J","SEA/GnJ",1,0
"395","DBA/2J","SPRET/EiJ",1,0
"396","DBA/2J","SWR/J",1,0
"397","DDY/JclSidSeyFrkJ","FVB/NJ",1,0
"398","DDY/JclSidSeyFrkJ","KK/HlJ",0,0
"399","DDY/JclSidSeyFrkJ","MA/MyJ",1,0
"400","DDY/JclSidSeyFrkJ","MOLF/EiJ",1,0
"401","DDY/JclSidSeyFrkJ","MRL/MpJ",0,0
"402","DDY/JclSidSeyFrkJ","MSM/MsJ",1,0
"403","DDY/JclSidSeyFrkJ","NOD/ShiLtJ",1,0
"404","DDY/JclSidSeyFrkJ","NON/ShiLtJ",1,0
"405","DDY/JclSidSeyFrkJ","NZL/LtJ",1,0
"406","DDY/JclSidSeyFrkJ","NZO/HlLtJ",1,0
"407","DDY/JclSidSeyFrkJ","NZW/LacJ",0,1
"408","DDY/JclSidSeyFrkJ","PWK/PhJ",1,0
"409","DDY/JclSidSeyFrkJ","SJL/J",1,0
"410","DDY/JclSidSeyFrkJ","SM/J",1,0
"411","DDY/JclSidSeyFrkJ","WSB/EiJ",1,0
"412","FVB/NJ","KK/HlJ",2,0
"413","FVB/NJ","MA/MyJ",1,0
"414","FVB/NJ","MOLF/EiJ",2,0
"415","FVB/NJ","MRL/MpJ",1,0
"416","FVB/NJ","MSM/MsJ",2,0
"417","FVB/NJ","NOD/ShiLtJ",0,0
"418","FVB/NJ","NON/ShiLtJ",2,0
"419","FVB/NJ","NZL/LtJ",1,0
"420","FVB/NJ","NZO/HlLtJ",1,0
"421","FVB/NJ","NZW/LacJ",1,0
"422","FVB/NJ","PWK/PhJ",2,0
"423","FVB/NJ","SJL/J",1,0
"424","FVB/NJ","SM/J",1,0
"425","FVB/NJ","WSB/EiJ",2,0
"426","FVB/NJ","I/LnJ",0,0
"427","FVB/NJ","JF1/MsJ",1,0
"428","FVB/NJ","LP/J",1,0
"429","FVB/NJ","NZB/BlNJ",1,0
"430","FVB/NJ","PERA/EiJ",0,0
"431","FVB/NJ","PL/J",1,0
"432","FVB/NJ","RIIIS/J",1,0
"433","FVB/NJ","SEA/GnJ",1,0
"434","FVB/NJ","SPRET/EiJ",1,0
"435","FVB/NJ","SWR/J",1,0
"436","KK/HlJ","MA/MyJ",2,0
"437","KK/HlJ","MOLF/EiJ",2,0
"438","KK/HlJ","MRL/MpJ",1,0
"439","KK/HlJ","MSM/MsJ",2,0
"440","KK/HlJ","NOD/ShiLtJ",2,0
"441","KK/HlJ","NON/ShiLtJ",1,0
"442","KK/HlJ","NZL/LtJ",1,0
"443","KK/HlJ","NZO/HlLtJ",1,0
"444","KK/HlJ","NZW/LacJ",1,0
"445","KK/HlJ","PWK/PhJ",2,0
"446","KK/HlJ","SJL/J",2,0
"447","KK/HlJ","SM/J",2,0
"448","KK/HlJ","WSB/EiJ",2,0
"449","KK/HlJ","LP/J",1,0
"450","KK/HlJ","NZB/BlNJ",1,0
"451","KK/HlJ","PERA/EiJ",1,0
"452","KK/HlJ","PL/J",1,0
"453","KK/HlJ","RIIIS/J",1,0
"454","KK/HlJ","SEA/GnJ",1,0
"455","KK/HlJ","SPRET/EiJ",1,0
"456","KK/HlJ","SWR/J",1,0
"457","MA/MyJ","MOLF/EiJ",2,0
"458","MA/MyJ","MRL/MpJ",1,0
"459","MA/MyJ","MSM/MsJ",2,0
"460","MA/MyJ","NOD/ShiLtJ",1,0
"461","MA/MyJ","NON/ShiLtJ",2,0
"462","MA/MyJ","NZL/LtJ",1,0
"463","MA/MyJ","NZO/HlLtJ",1,0
"464","MA/MyJ","NZW/LacJ",2,0
"465","MA/MyJ","PWK/PhJ",2,0
"466","MA/MyJ","SJL/J",1,0
"467","MA/MyJ","SM/J",1,0
"468","MA/MyJ","WSB/EiJ",2,0
"469","MA/MyJ","NZB/BlNJ",1,0
"470","MA/MyJ","PERA/EiJ",0,0
"471","MA/MyJ","PL/J",0,1
"472","MA/MyJ","RIIIS/J",1,0
"473","MA/MyJ","SEA/GnJ",0,0
"474","MA/MyJ","SPRET/EiJ",1,0
"475","MA/MyJ","SWR/J",0,0
"476","MOLF/EiJ","MRL/MpJ",1,0
"477","MOLF/EiJ","MSM/MsJ",2,0
"478","MOLF/EiJ","NOD/ShiLtJ",2,0
"479","MOLF/EiJ","NON/ShiLtJ",2,0
"480","MOLF/EiJ","NZL/LtJ",1,0
"481","MOLF/EiJ","NZO/HlLtJ",1,0
"482","MOLF/EiJ","NZW/LacJ",2,0
"483","MOLF/EiJ","PWK/PhJ",2,0
"484","MOLF/EiJ","SJL/J",2,0
"485","MOLF/EiJ","SM/J",2,0
"486","MOLF/EiJ","WSB/EiJ",1,0
"487","MOLF/EiJ","NZB/BlNJ",1,0
"488","MOLF/EiJ","PERA/EiJ",1,0
"489","MOLF/EiJ","PL/J",1,0
"490","MOLF/EiJ","RIIIS/J",1,0
"491","MOLF/EiJ","SEA/GnJ",1,0
"492","MOLF/EiJ","SPRET/EiJ",1,0
"493","MOLF/EiJ","SWR/J",1,0
"494","MRL/MpJ","MSM/MsJ",1,0
"495","MRL/MpJ","NOD/ShiLtJ",1,0
"496","MRL/MpJ","NON/ShiLtJ",1,0
"497","MRL/MpJ","NZL/LtJ",1,0
"498","MRL/MpJ","NZO/HlLtJ",1,0
"499","MRL/MpJ","NZW/LacJ",1,0
"500","MRL/MpJ","PWK/PhJ",1,0
"501","MRL/MpJ","SJL/J",1,0
"502","MRL/MpJ","SM/J",1,0
"503","MRL/MpJ","WSB/EiJ",1,0
"504","MSM/MsJ","NOD/ShiLtJ",2,0
"505","MSM/MsJ","NON/ShiLtJ",2,0
"506","MSM/MsJ","NZL/LtJ",1,0
"507","MSM/MsJ","NZO/HlLtJ",1,0
"508","MSM/MsJ","NZW/LacJ",2,0
"509","MSM/MsJ","PWK/PhJ",2,0
"510","MSM/MsJ","SJL/J",2,0
"511","MSM/MsJ","SM/J",2,0
"512","MSM/MsJ","WSB/EiJ",2,0
"513","MSM/MsJ","NZB/BlNJ",1,0
"514","MSM/MsJ","PERA/EiJ",1,0
"515","MSM/MsJ","PL/J",1,0
"516","MSM/MsJ","RIIIS/J",1,0
"517","MSM/MsJ","SEA/GnJ",1,0
"518","MSM/MsJ","SPRET/EiJ",1,0
"519","MSM/MsJ","SWR/J",1,0
"520","NOD/ShiLtJ","NON/ShiLtJ",2,0
"521","NOD/ShiLtJ","NZL/LtJ",1,0
"522","NOD/ShiLtJ","NZO/HlLtJ",1,0
"523","NOD/ShiLtJ","NZW/LacJ",1,0
"524","NOD/ShiLtJ","PWK/PhJ",2,0
"525","NOD/ShiLtJ","SJL/J",1,1
"526","NOD/ShiLtJ","SM/J",1,0
"527","NOD/ShiLtJ","WSB/EiJ",2,0
"528","NOD/ShiLtJ","NZB/BlNJ",0,0
"529","NOD/ShiLtJ","PERA/EiJ",0,0
"530","NOD/ShiLtJ","PL/J",1,0
"531","NOD/ShiLtJ","RIIIS/J",1,0
"532","NOD/ShiLtJ","SEA/GnJ",1,0
"533","NOD/ShiLtJ","SPRET/EiJ",1,0
"534","NOD/ShiLtJ","SWR/J",1,0
"535","NON/ShiLtJ","NZL/LtJ",1,0
"536","NON/ShiLtJ","NZO/HlLtJ",0,1
"537","NON/ShiLtJ","NZW/LacJ",2,0
"538","NON/ShiLtJ","PWK/PhJ",2,0
"539","NON/ShiLtJ","SJL/J",2,0
"540","NON/ShiLtJ","SM/J",2,0
"541","NON/ShiLtJ","WSB/EiJ",2,0
"542","NON/ShiLtJ","NZB/BlNJ",1,0
"543","NON/ShiLtJ","PERA/EiJ",1,0
"544","NON/ShiLtJ","PL/J",1,0
"545","NON/ShiLtJ","RIIIS/J",1,0
"546","NON/ShiLtJ","SEA/GnJ",1,0
"547","NON/ShiLtJ","SPRET/EiJ",1,0
"548","NON/ShiLtJ","SWR/J",1,0
"549","NZL/LtJ","NZO/HlLtJ",1,0
"550","NZL/LtJ","NZW/LacJ",1,0
"551","NZL/LtJ","PWK/PhJ",1,0
"552","NZL/LtJ","SJL/J",1,0
"553","NZL/LtJ","SM/J",1,0
"554","NZL/LtJ","WSB/EiJ",1,0
"555","NZO/HlLtJ","NZW/LacJ",1,0
"556","NZO/HlLtJ","PWK/PhJ",1,0
"557","NZO/HlLtJ","SJL/J",1,0
"558","NZO/HlLtJ","SM/J",1,0
"559","NZO/HlLtJ","WSB/EiJ",1,0
"560","NZW/LacJ","PWK/PhJ",2,0
"561","NZW/LacJ","SJL/J",2,0
"562","NZW/LacJ","SM/J",2,0
"563","NZW/LacJ","WSB/EiJ",2,0
"564","NZW/LacJ","PERA/EiJ",0,1
"565","NZW/LacJ","PL/J",1,0
"566","NZW/LacJ","RIIIS/J",1,0
"567","NZW/LacJ","SEA/GnJ",1,0
"568","NZW/LacJ","SPRET/EiJ",1,0
"569","NZW/LacJ","SWR/J",1,0
"570","PWK/PhJ","SJL/J",2,0
"571","PWK/PhJ","SM/J",2,0
"572","PWK/PhJ","WSB/EiJ",0,0
"573","PWK/PhJ","RIIIS/J",1,0
"574","PWK/PhJ","SEA/GnJ",1,0
"575","PWK/PhJ","SPRET/EiJ",0,0
"576","PWK/PhJ","SWR/J",1,0
"577","SJL/J","SM/J",1,1
"578","SJL/J","WSB/EiJ",2,0
"579","SJL/J","SPRET/EiJ",1,0
"580","SJL/J","SWR/J",1,0
"581","SM/J","WSB/EiJ",2,0
"582","SM/J","SPRET/EiJ",1,0
"583","SM/J","SWR/J",1,0
"584","BUB/BnJ","C3H/HeJ",1,0
"585","BUB/BnJ","C57BL/6J",1,0
"586","BUB/BnJ","C57BLKS/J",1,0
"587","BUB/BnJ","CAST/EiJ",1,0
"588","BUB/BnJ","CBA/J",1,0
"589","BUB/BnJ","DBA/2J",1,0
"590","BUB/BnJ","FVB/NJ",1,0
"591","BUB/BnJ","KK/HlJ",0,1
"592","BUB/BnJ","MA/MyJ",1,0
"593","BUB/BnJ","MOLF/EiJ",1,0
"594","BUB/BnJ","MSM/MsJ",1,0
"595","BUB/BnJ","NOD/ShiLtJ",1,0
"596","BUB/BnJ","NON/ShiLtJ",1,0
"597","BUB/BnJ","NZW/LacJ",1,0
"598","BUB/BnJ","PWK/PhJ",1,0
"599","BUB/BnJ","SJL/J",1,0
"600","BUB/BnJ","SM/J",1,0
"601","BUB/BnJ","WSB/EiJ",1,0
"602","BUB/BnJ","C57BL/10J",1,0
"603","BUB/BnJ","C57BR/cdJ",1,0
"604","BUB/BnJ","C57L/J",1,0
"605","BUB/BnJ","C58/J",1,0
"606","BUB/BnJ","CE/J",1,0
"607","BUB/BnJ","CZECHII/EiJ",1,0
"608","BUB/BnJ","I/LnJ",1,0
"609","BUB/BnJ","JF1/MsJ",1,0
"610","BUB/BnJ","LP/J",1,0
"611","BUB/BnJ","NZB/BlNJ",0,1
"612","BUB/BnJ","PERA/EiJ",1,0
"613","BUB/BnJ","PL/J",1,0
"614","BUB/BnJ","RIIIS/J",1,0
"615","BUB/BnJ","SEA/GnJ",1,0
"616","BUB/BnJ","SPRET/EiJ",1,0
"617","BUB/BnJ","SWR/J",1,0
"618","C57BL/10J","C57BL/6J",0,0
"619","C57BL/10J","C57BLKS/J",0,0
"620","C57BL/10J","CAST/EiJ",1,0
"621","C57BL/10J","CBA/J",1,0
"622","C57BL/10J","DBA/2J",0,1
"623","C57BL/10J","FVB/NJ",0,0
"624","C57BL/10J","KK/HlJ",1,0
"625","C57BL/10J","MA/MyJ",0,0
"626","C57BL/10J","MOLF/EiJ",1,0
"627","C57BL/10J","MSM/MsJ",1,0
"628","C57BL/10J","NOD/ShiLtJ",0,1
"629","C57BL/10J","NON/ShiLtJ",1,0
"630","C57BL/10J","NZW/LacJ",1,0
"631","C57BL/10J","PWK/PhJ",1,0
"632","C57BL/10J","SJL/J",0,0
"633","C57BL/10J","SM/J",1,0
"634","C57BL/10J","WSB/EiJ",1,0
"635","C57BL/10J","C57BR/cdJ",0,0
"636","C57BL/10J","C57L/J",0,0
"637","C57BL/10J","C58/J",0,0
"638","C57BL/10J","CE/J",1,0
"639","C57BL/10J","CZECHII/EiJ",1,0
"640","C57BL/10J","I/LnJ",0,0
"641","C57BL/10J","JF1/MsJ",1,0
"642","C57BL/10J","LP/J",0,0
"643","C57BL/10J","NZB/BlNJ",1,0
"644","C57BL/10J","PERA/EiJ",0,0
"645","C57BL/10J","PL/J",1,0
"646","C57BL/10J","RIIIS/J",1,0
"647","C57BL/10J","SEA/GnJ",1,0
"648","C57BL/10J","SPRET/EiJ",1,0
"649","C57BL/10J","SWR/J",1,0
"650","C57BR/cdJ","CAST/EiJ",1,0
"651","C57BR/cdJ","CBA/J",1,0
"652","C57BR/cdJ","DBA/2J",0,0
"653","C57BR/cdJ","FVB/NJ",0,0
"654","C57BR/cdJ","KK/HlJ",1,0
"655","C57BR/cdJ","MA/MyJ",1,0
"656","C57BR/cdJ","MOLF/EiJ",1,0
"657","C57BR/cdJ","MSM/MsJ",1,0
"658","C57BR/cdJ","NOD/ShiLtJ",0,0
"659","C57BR/cdJ","NON/ShiLtJ",1,0
"660","C57BR/cdJ","NZW/LacJ",1,0
"661","C57BR/cdJ","PWK/PhJ",1,0
"662","C57BR/cdJ","SJL/J",0,0
"663","C57BR/cdJ","SM/J",1,0
"664","C57BR/cdJ","WSB/EiJ",1,0
"665","C57BR/cdJ","C57L/J",0,0
"666","C57BR/cdJ","C58/J",1,0
"667","C57BR/cdJ","CE/J",1,0
"668","C57BR/cdJ","CZECHII/EiJ",1,0
"669","C57BR/cdJ","I/LnJ",0,0
"670","C57BR/cdJ","JF1/MsJ",1,0
"671","C57BR/cdJ","LP/J",1,0
"672","C57BR/cdJ","NZB/BlNJ",1,0
"673","C57BR/cdJ","PERA/EiJ",0,0
"674","C57BR/cdJ","PL/J",1,0
"675","C57BR/cdJ","RIIIS/J",1,0
"676","C57BR/cdJ","SEA/GnJ",1,0
"677","C57BR/cdJ","SPRET/EiJ",1,0
"678","C57BR/cdJ","SWR/J",1,0
"679","C57L/J","CAST/EiJ",1,0
"680","C57L/J","CBA/J",1,0
"681","C57L/J","DBA/2J",0,0
"682","C57L/J","FVB/NJ",0,0
"683","C57L/J","KK/HlJ",1,0
"684","C57L/J","MA/MyJ",0,1
"685","C57L/J","MOLF/EiJ",1,0
"686","C57L/J","MSM/MsJ",1,0
"687","C57L/J","NOD/ShiLtJ",0,0
"688","C57L/J","NON/ShiLtJ",1,0
"689","C57L/J","NZW/LacJ",0,1
"690","C57L/J","PWK/PhJ",1,0
"691","C57L/J","SJL/J",0,0
"692","C57L/J","SM/J",1,0
"693","C57L/J","WSB/EiJ",1,0
"694","C57L/J","C58/J",0,0
"695","C57L/J","CE/J",0,1
"696","C57L/J","CZECHII/EiJ",1,0
"697","C57L/J","I/LnJ",0,0
"698","C57L/J","JF1/MsJ",1,0
"699","C57L/J","LP/J",0,0
"700","C57L/J","NZB/BlNJ",1,0
"701","C57L/J","PERA/EiJ",0,0
"702","C57L/J","PL/J",1,0
"703","C57L/J","RIIIS/J",1,0
"704","C57L/J","SEA/GnJ",1,0
"705","C57L/J","SPRET/EiJ",1,0
"706","C57L/J","SWR/J",1,0
"707","C58/J","CAST/EiJ",1,0
"708","C58/J","CBA/J",1,0
"709","C58/J","DBA/2J",1,0
"710","C58/J","FVB/NJ",1,0
"711","C58/J","KK/HlJ",1,0
"712","C58/J","MA/MyJ",0,0
"713","C58/J","MOLF/EiJ",1,0
"714","C58/J","MSM/MsJ",1,0
"715","C58/J","NOD/ShiLtJ",1,0
"716","C58/J","NON/ShiLtJ",1,0
"717","C58/J","NZW/LacJ",1,0
"718","C58/J","PWK/PhJ",1,0
"719","C58/J","SJL/J",0,0
"720","C58/J","SM/J",1,0
"721","C58/J","WSB/EiJ",1,0
"722","C58/J","CE/J",1,0
"723","C58/J","CZECHII/EiJ",1,0
"724","C58/J","I/LnJ",0,0
"725","C58/J","JF1/MsJ",1,0
"726","C58/J","LP/J",0,0
"727","C58/J","NZB/BlNJ",1,0
"728","C58/J","PERA/EiJ",0,0
"729","C58/J","PL/J",0,0
"730","C58/J","RIIIS/J",1,0
"731","C58/J","SEA/GnJ",0,0
"732","C58/J","SPRET/EiJ",1,0
"733","C58/J","SWR/J",0,0
"734","CE/J","DBA/2J",0,0
"735","CE/J","FVB/NJ",0,0
"736","CE/J","KK/HlJ",1,0
"737","CE/J","MA/MyJ",1,0
"738","CE/J","MOLF/EiJ",1,0
"739","CE/J","MSM/MsJ",1,0
"740","CE/J","NOD/ShiLtJ",0,0
"741","CE/J","NON/ShiLtJ",1,0
"742","CE/J","NZW/LacJ",0,0
"743","CE/J","PWK/PhJ",1,0
"744","CE/J","SJL/J",1,0
"745","CE/J","SM/J",1,0
"746","CE/J","WSB/EiJ",1,0
"747","CE/J","CZECHII/EiJ",1,0
"748","CE/J","I/LnJ",0,1
"749","CE/J","JF1/MsJ",1,0
"750","CE/J","LP/J",1,0
"751","CE/J","NZB/BlNJ",0,0
"752","CE/J","PERA/EiJ",0,1
"753","CE/J","PL/J",1,0
"754","CE/J","RIIIS/J",1,0
"755","CE/J","SEA/GnJ",1,0
"756","CE/J","SPRET/EiJ",1,0
"757","CE/J","SWR/J",1,0
"758","CZECHII/EiJ","DBA/2J",1,0
"759","CZECHII/EiJ","FVB/NJ",1,0
"760","CZECHII/EiJ","KK/HlJ",1,0
"761","CZECHII/EiJ","MA/MyJ",1,0
"762","CZECHII/EiJ","MOLF/EiJ",0,0
"763","CZECHII/EiJ","MSM/MsJ",1,0
"764","CZECHII/EiJ","NOD/ShiLtJ",1,0
"765","CZECHII/EiJ","NON/ShiLtJ",1,0
"766","CZECHII/EiJ","NZW/LacJ",1,0
"767","CZECHII/EiJ","PWK/PhJ",1,0
"768","CZECHII/EiJ","SJL/J",1,0
"769","CZECHII/EiJ","SM/J",1,0
"770","CZECHII/EiJ","WSB/EiJ",1,0
"771","CZECHII/EiJ","I/LnJ",1,0
"772","CZECHII/EiJ","JF1/MsJ",1,0
"773","CZECHII/EiJ","LP/J",1,0
"774","CZECHII/EiJ","NZB/BlNJ",1,0
"775","CZECHII/EiJ","PERA/EiJ",1,0
"776","CZECHII/EiJ","PL/J",1,0
"777","CZECHII/EiJ","RIIIS/J",1,0
"778","CZECHII/EiJ","SEA/GnJ",1,0
"779","CZECHII/EiJ","SPRET/EiJ",1,0
"780","CZECHII/EiJ","SWR/J",1,0
"781","I/LnJ","KK/HlJ",1,0
"782","I/LnJ","MA/MyJ",0,0
"783","I/LnJ","MOLF/EiJ",1,0
"784","I/LnJ","MSM/MsJ",1,0
"785","I/LnJ","NOD/ShiLtJ",0,0
"786","I/LnJ","NON/ShiLtJ",1,0
"787","I/LnJ","NZW/LacJ",1,0
"788","I/LnJ","PWK/PhJ",1,0
"789","I/LnJ","SJL/J",0,0
"790","I/LnJ","SM/J",1,0
"791","I/LnJ","WSB/EiJ",1,0
"792","I/LnJ","JF1/MsJ",1,0
"793","I/LnJ","LP/J",0,0
"794","I/LnJ","NZB/BlNJ",1,0
"795","I/LnJ","PERA/EiJ",0,0
"796","I/LnJ","PL/J",0,1
"797","I/LnJ","RIIIS/J",1,0
"798","I/LnJ","SEA/GnJ",0,1
"799","I/LnJ","SPRET/EiJ",1,0
"800","I/LnJ","SWR/J",0,0
"801","JF1/MsJ","KK/HlJ",1,0
"802","JF1/MsJ","MA/MyJ",1,0
"803","JF1/MsJ","MOLF/EiJ",1,0
"804","JF1/MsJ","MSM/MsJ",1,0
"805","JF1/MsJ","NOD/ShiLtJ",1,0
"806","JF1/MsJ","NON/ShiLtJ",1,0
"807","JF1/MsJ","NZW/LacJ",1,0
"808","JF1/MsJ","PWK/PhJ",1,0
"809","JF1/MsJ","SJL/J",1,0
"810","JF1/MsJ","SM/J",0,0
"811","JF1/MsJ","WSB/EiJ",1,0
"812","JF1/MsJ","LP/J",1,0
"813","JF1/MsJ","NZB/BlNJ",1,0
"814","JF1/MsJ","PERA/EiJ",1,0
"815","JF1/MsJ","PL/J",0,1
"816","JF1/MsJ","RIIIS/J",0,0
"817","JF1/MsJ","SEA/GnJ",0,1
"818","JF1/MsJ","SPRET/EiJ",0,0
"819","JF1/MsJ","SWR/J",1,0
"820","LP/J","MA/MyJ",0,0
"821","LP/J","MOLF/EiJ",1,0
"822","LP/J","MSM/MsJ",1,0
"823","LP/J","NOD/ShiLtJ",1,0
"824","LP/J","NON/ShiLtJ",1,0
"825","LP/J","NZW/LacJ",1,0
"826","LP/J","PWK/PhJ",1,0
"827","LP/J","SJL/J",0,0
"828","LP/J","SM/J",1,0
"829","LP/J","WSB/EiJ",1,0
"830","LP/J","NZB/BlNJ",1,0
"831","LP/J","PERA/EiJ",0,0
"832","LP/J","PL/J",1,0
"833","LP/J","RIIIS/J",1,0
"834","LP/J","SEA/GnJ",1,0
"835","LP/J","SPRET/EiJ",1,0
"836","LP/J","SWR/J",0,0
"837","NZB/BlNJ","NZW/LacJ",0,0
"838","NZB/BlNJ","PWK/PhJ",1,0
"839","NZB/BlNJ","SJL/J",1,0
"840","NZB/BlNJ","SM/J",1,0
"841","NZB/BlNJ","WSB/EiJ",1,0
"842","NZB/BlNJ","PERA/EiJ",1,0
"843","NZB/BlNJ","PL/J",1,0
"844","NZB/BlNJ","RIIIS/J",1,0
"845","NZB/BlNJ","SEA/GnJ",1,0
"846","NZB/BlNJ","SPRET/EiJ",1,0
"847","NZB/BlNJ","SWR/J",1,0
"848","PERA/EiJ","PWK/PhJ",1,0
"849","PERA/EiJ","SJL/J",0,0
"850","PERA/EiJ","SM/J",1,0
"851","PERA/EiJ","WSB/EiJ",1,0
"852","PERA/EiJ","PL/J",1,0
"853","PERA/EiJ","RIIIS/J",1,0
"854","PERA/EiJ","SEA/GnJ",1,0
"855","PERA/EiJ","SPRET/EiJ",1,0
"856","PERA/EiJ","SWR/J",0,1
"857","PL/J","PWK/PhJ",1,0
"858","PL/J","SJL/J",1,0
"859","PL/J","SM/J",1,0
"860","PL/J","WSB/EiJ",1,0
"861","PL/J","RIIIS/J",0,0
"862","PL/J","SEA/GnJ",0,0
"863","PL/J","SPRET/EiJ",1,0
"864","PL/J","SWR/J",0,0
"865","RIIIS/J","SJL/J",1,0
"866","RIIIS/J","SM/J",0,0
"867","RIIIS/J","WSB/EiJ",1,0
"868","RIIIS/J","SEA/GnJ",0,0
"869","RIIIS/J","SPRET/EiJ",1,0
"870","RIIIS/J","SWR/J",1,0
"871","SEA/GnJ","SJL/J",1,0
"872","SEA/GnJ","SM/J",1,0
"873","SEA/GnJ","WSB/EiJ",1,0
"874","SEA/GnJ","SPRET/EiJ",1,0
"875","SEA/GnJ","SWR/J",0,0
"876","SPRET/EiJ","WSB/EiJ",0,0
"877","SPRET/EiJ","SWR/J",1,0
"878","SWR/J","WSB/EiJ",1,0
