"","strain1","sig.at.both","not.sig.gxl","A/J","AKR/J","BALB/cByJ","BTBR T<+> Itpr3<tf>/J","C3H/HeJ","C57BL/6J","C57BLKS/J","CAST/EiJ","CBA/J","DBA/2J","DDY/JclSidSeyFrkJ","FVB/NJ","KK/HlJ","MA/MyJ","MOLF/EiJ","MRL/MpJ","MSM/MsJ","NOD/ShiLtJ","NON/ShiLtJ","NZL/LtJ","NZO/HlLtJ","NZW/LacJ","PWK/PhJ","SJL/J","SM/J","WSB/EiJ","BUB/BnJ","C57BL/10J","C57BR/cdJ","C57L/J","C58/J","CE/J","CZECHII/EiJ","I/LnJ","JF1/MsJ","LP/J","NZB/BlNJ","PERA/EiJ","PL/J","RIIIS/J","SEA/GnJ","SPRET/EiJ","SWR/J"
"1","129S1/SvImJ","both = 0","not GxL = 0","not GxL = 0,both = 0",NA,NA,NA,NA,NA,"not GxL = 0,both = 0",NA,NA,NA,NA,NA,NA,"not GxL = 0,both = 0",NA,NA,NA,NA,NA,NA,NA,NA,NA,NA,NA,NA,NA,"not GxL = 0,both = 0",NA,"not GxL = 0,both = 0","not GxL = 0,both = 0",NA,NA,"not GxL = 0,both = 0",NA,"not GxL = 0,both = 0",NA,"not GxL = 0,both = 0",NA,NA,NA,NA,"not GxL = 0,both = 0"
"2","129S1/SvImJ","both = 0","not GxL = 1",NA,NA,NA,NA,NA,"not GxL = 1,both = 0",NA,NA,NA,NA,NA,NA,NA,NA,NA,NA,NA,NA,NA,NA,NA,NA,NA,NA,NA,NA,NA,NA,NA,NA,NA,NA,NA,NA,NA,NA,NA,NA,"not GxL = 1,both = 0",NA,"not GxL = 1,both = 0",NA,NA
"3","129S1/SvImJ","both = 1","not GxL = 0",NA,NA,"not GxL = 0,both = 1",NA,"not GxL = 0,both = 1",NA,NA,NA,"not GxL = 0,both = 1",NA,"not GxL = 0,both = 1","not GxL = 0,both = 1",NA,NA,NA,"not GxL = 0,both = 1",NA,"not GxL = 0,both = 1",NA,"not GxL = 0,both = 1","not GxL = 0,both = 1",NA,NA,"not GxL = 0,both = 1","not GxL = 0,both = 1",NA,"not GxL = 0,both = 1",NA,"not GxL = 0,both = 1",NA,NA,"not GxL = 0,both = 1","not GxL = 0,both = 1",NA,"not GxL = 0,both = 1",NA,"not GxL = 0,both = 1",NA,NA,"not GxL = 0,both = 1",NA,"not GxL = 0,both = 1",NA
"4","129S1/SvImJ","both = 2","not GxL = 0",NA,"not GxL = 0,both = 2",NA,"not GxL = 0,both = 2",NA,NA,NA,"not GxL = 0,both = 2",NA,"not GxL = 0,both = 2",NA,NA,"not GxL = 0,both = 2",NA,"not GxL = 0,both = 2",NA,"not GxL = 0,both = 2",NA,"not GxL = 0,both = 2",NA,NA,"not GxL = 0,both = 2","not GxL = 0,both = 2",NA,NA,"not GxL = 0,both = 2",NA,NA,NA,NA,NA,NA,NA,NA,NA,NA,NA,NA,NA,NA,NA,NA,NA
"5","A/J","both = 0","not GxL = 0",NA,NA,NA,NA,NA,NA,NA,NA,NA,NA,NA,NA,NA,"not GxL = 0,both = 0",NA,NA,NA,NA,NA,NA,NA,NA,NA,"not GxL = 0,both = 0",NA,NA,NA,"not GxL = 0,both = 0","not GxL = 0,both = 0","not GxL = 0,both = 0","not GxL = 0,both = 0",NA,NA,"not GxL = 0,both = 0",NA,"not GxL = 0,both = 0",NA,"not GxL = 0,both = 0",NA,NA,NA,NA,"not GxL = 0,both = 0"
"6","A/J","both = 0","not GxL = 1",NA,NA,NA,NA,"not GxL = 1,both = 0",NA,NA,NA,NA,NA,NA,NA,NA,NA,NA,NA,NA,NA,NA,NA,NA,NA,NA,NA,NA,NA,NA,NA,NA,NA,NA,NA,NA,NA,NA,NA,NA,NA,"not GxL = 1,both = 0",NA,"not GxL = 1,both = 0",NA,NA
"7","A/J","both = 1","not GxL = 0",NA,NA,NA,NA,NA,"not GxL = 0,both = 1","not GxL = 0,both = 1",NA,NA,NA,"not GxL = 0,both = 1","not GxL = 0,both = 1",NA,NA,NA,"not GxL = 0,both = 1",NA,NA,NA,"not GxL = 0,both = 1","not GxL = 0,both = 1",NA,NA,NA,"not GxL = 0,both = 1",NA,"not GxL = 0,both = 1",NA,NA,NA,NA,"not GxL = 0,both = 1","not GxL = 0,both = 1",NA,"not GxL = 0,both = 1",NA,"not GxL = 0,both = 1",NA,NA,"not GxL = 0,both = 1",NA,"not GxL = 0,both = 1",NA
"8","A/J","both = 1","not GxL = 1",NA,NA,NA,NA,NA,NA,NA,NA,NA,"not GxL = 1,both = 1",NA,NA,NA,NA,NA,NA,NA,"not GxL = 1,both = 1",NA,NA,NA,NA,NA,NA,NA,NA,NA,NA,NA,NA,NA,NA,NA,NA,NA,NA,NA,NA,NA,NA,NA,NA,NA
"9","A/J","both = 2","not GxL = 0",NA,"not GxL = 0,both = 2","not GxL = 0,both = 2","not GxL = 0,both = 2",NA,NA,NA,"not GxL = 0,both = 2","not GxL = 0,both = 2",NA,NA,NA,"not GxL = 0,both = 2",NA,"not GxL = 0,both = 2",NA,"not GxL = 0,both = 2",NA,"not GxL = 0,both = 2",NA,NA,"not GxL = 0,both = 2","not GxL = 0,both = 2",NA,NA,"not GxL = 0,both = 2",NA,NA,NA,NA,NA,NA,NA,NA,NA,NA,NA,NA,NA,NA,NA,NA,NA
"10","AKR/J","both = 0","not GxL = 0",NA,NA,NA,NA,NA,NA,NA,NA,NA,NA,NA,NA,NA,NA,NA,NA,NA,NA,NA,NA,NA,NA,NA,NA,NA,NA,"not GxL = 0,both = 0",NA,NA,NA,NA,NA,NA,NA,NA,NA,NA,NA,NA,NA,NA,NA,NA
"11","AKR/J","both = 0","not GxL = 1",NA,NA,NA,NA,NA,NA,NA,NA,NA,NA,NA,NA,"not GxL = 1,both = 0",NA,NA,NA,NA,NA,NA,NA,NA,NA,NA,NA,NA,NA,NA,NA,NA,NA,NA,"not GxL = 1,both = 0",NA,NA,NA,NA,"not GxL = 1,both = 0",NA,NA,NA,NA,NA,NA
"12","AKR/J","both = 1","not GxL = 0",NA,NA,NA,"not GxL = 0,both = 1","not GxL = 0,both = 1",NA,"not GxL = 0,both = 1",NA,"not GxL = 0,both = 1","not GxL = 0,both = 1","not GxL = 0,both = 1","not GxL = 0,both = 1",NA,"not GxL = 0,both = 1",NA,"not GxL = 0,both = 1",NA,"not GxL = 0,both = 1",NA,"not GxL = 0,both = 1","not GxL = 0,both = 1",NA,NA,NA,"not GxL = 0,both = 1",NA,NA,"not GxL = 0,both = 1","not GxL = 0,both = 1","not GxL = 0,both = 1","not GxL = 0,both = 1",NA,"not GxL = 0,both = 1","not GxL = 0,both = 1","not GxL = 0,both = 1","not GxL = 0,both = 1",NA,"not GxL = 0,both = 1","not GxL = 0,both = 1","not GxL = 0,both = 1","not GxL = 0,both = 1","not GxL = 0,both = 1","not GxL = 0,both = 1"
"13","AKR/J","both = 1","not GxL = 1",NA,NA,NA,NA,NA,"not GxL = 1,both = 1",NA,NA,NA,NA,NA,NA,NA,NA,NA,NA,NA,NA,"not GxL = 1,both = 1",NA,NA,NA,NA,NA,NA,NA,NA,NA,NA,NA,NA,NA,NA,NA,NA,NA,NA,NA,NA,NA,NA,NA,NA
"14","AKR/J","both = 2","not GxL = 0",NA,NA,"not GxL = 0,both = 2",NA,NA,NA,NA,"not GxL = 0,both = 2",NA,NA,NA,NA,NA,NA,"not GxL = 0,both = 2",NA,"not GxL = 0,both = 2",NA,NA,NA,NA,"not GxL = 0,both = 2","not GxL = 0,both = 2","not GxL = 0,both = 2",NA,"not GxL = 0,both = 2",NA,NA,NA,NA,NA,NA,NA,NA,NA,NA,NA,NA,NA,NA,NA,NA,NA
"15","BALB/cByJ","both = 0","not GxL = 0",NA,NA,NA,NA,"not GxL = 0,both = 0","not GxL = 0,both = 0",NA,NA,NA,NA,NA,"not GxL = 0,both = 0",NA,NA,NA,NA,NA,"not GxL = 0,both = 0",NA,NA,NA,NA,NA,NA,NA,NA,NA,NA,NA,NA,NA,"not GxL = 0,both = 0",NA,NA,NA,NA,"not GxL = 0,both = 0",NA,NA,NA,NA,NA,NA
"16","BALB/cByJ","both = 0","not GxL = 1",NA,NA,NA,NA,NA,NA,NA,NA,"not GxL = 1,both = 0",NA,NA,NA,NA,NA,NA,NA,NA,NA,NA,NA,NA,NA,NA,NA,NA,NA,NA,NA,NA,"not GxL = 1,both = 0",NA,NA,NA,"not GxL = 1,both = 0",NA,NA,NA,"not GxL = 1,both = 0",NA,NA,NA,NA,NA
"17","BALB/cByJ","both = 1","not GxL = 0",NA,NA,NA,NA,NA,NA,NA,NA,NA,"not GxL = 0,both = 1","not GxL = 0,both = 1",NA,NA,"not GxL = 0,both = 1",NA,"not GxL = 0,both = 1",NA,NA,NA,"not GxL = 0,both = 1","not GxL = 0,both = 1","not GxL = 0,both = 1",NA,NA,"not GxL = 0,both = 1",NA,"not GxL = 0,both = 1","not GxL = 0,both = 1","not GxL = 0,both = 1",NA,"not GxL = 0,both = 1",NA,"not GxL = 0,both = 1",NA,"not GxL = 0,both = 1","not GxL = 0,both = 1",NA,NA,"not GxL = 0,both = 1","not GxL = 0,both = 1","not GxL = 0,both = 1","not GxL = 0,both = 1","not GxL = 0,both = 1"
"18","BALB/cByJ","both = 1","not GxL = 1",NA,NA,NA,NA,NA,NA,"not GxL = 1,both = 1",NA,NA,NA,NA,NA,NA,NA,NA,NA,NA,NA,NA,NA,NA,NA,NA,NA,NA,NA,NA,NA,NA,NA,NA,NA,NA,NA,NA,NA,NA,NA,NA,NA,NA,NA,NA
"19","BALB/cByJ","both = 2","not GxL = 0",NA,NA,NA,"not GxL = 0,both = 2",NA,NA,NA,"not GxL = 0,both = 2",NA,NA,NA,NA,"not GxL = 0,both = 2",NA,"not GxL = 0,both = 2",NA,"not GxL = 0,both = 2",NA,"not GxL = 0,both = 2",NA,NA,NA,"not GxL = 0,both = 2","not GxL = 0,both = 2",NA,"not GxL = 0,both = 2",NA,NA,NA,NA,NA,NA,NA,NA,NA,NA,NA,NA,NA,NA,NA,NA,NA
"20","BTBR T<+> Itpr3<tf>/J","both = 0","not GxL = 0",NA,NA,NA,NA,NA,NA,NA,NA,NA,NA,NA,NA,NA,NA,NA,NA,NA,NA,NA,NA,NA,NA,NA,NA,NA,NA,"not GxL = 0,both = 0",NA,NA,NA,NA,NA,NA,NA,NA,NA,"not GxL = 0,both = 0",NA,NA,NA,NA,NA,NA
"21","BTBR T<+> Itpr3<tf>/J","both = 0","not GxL = 1",NA,NA,NA,NA,NA,NA,NA,NA,NA,NA,"not GxL = 1,both = 0",NA,NA,NA,NA,NA,NA,NA,NA,NA,NA,NA,NA,NA,NA,NA,NA,NA,NA,NA,NA,"not GxL = 1,both = 0",NA,NA,NA,NA,NA,NA,NA,NA,NA,NA,NA
"22","BTBR T<+> Itpr3<tf>/J","both = 1","not GxL = 0",NA,NA,NA,NA,NA,NA,NA,NA,NA,NA,NA,NA,"not GxL = 0,both = 1",NA,NA,"not GxL = 0,both = 1",NA,NA,NA,"not GxL = 0,both = 1","not GxL = 0,both = 1","not GxL = 0,both = 1",NA,NA,NA,NA,NA,"not GxL = 0,both = 1","not GxL = 0,both = 1","not GxL = 0,both = 1","not GxL = 0,both = 1",NA,"not GxL = 0,both = 1","not GxL = 0,both = 1","not GxL = 0,both = 1","not GxL = 0,both = 1",NA,"not GxL = 0,both = 1","not GxL = 0,both = 1","not GxL = 0,both = 1","not GxL = 0,both = 1","not GxL = 0,both = 1","not GxL = 0,both = 1"
"23","BTBR T<+> Itpr3<tf>/J","both = 1","not GxL = 1",NA,NA,NA,NA,NA,NA,NA,NA,"not GxL = 1,both = 1",NA,NA,NA,NA,NA,NA,NA,NA,NA,NA,NA,NA,NA,NA,NA,NA,NA,NA,NA,NA,NA,NA,NA,NA,NA,NA,NA,NA,NA,NA,NA,NA,NA,NA
"24","BTBR T<+> Itpr3<tf>/J","both = 2","not GxL = 0",NA,NA,NA,NA,"not GxL = 0,both = 2","not GxL = 0,both = 2","not GxL = 0,both = 2","not GxL = 0,both = 2",NA,"not GxL = 0,both = 2",NA,"not GxL = 0,both = 2",NA,"not GxL = 0,both = 2","not GxL = 0,both = 2",NA,"not GxL = 0,both = 2","not GxL = 0,both = 2","not GxL = 0,both = 2",NA,NA,NA,"not GxL = 0,both = 2","not GxL = 0,both = 2","not GxL = 0,both = 2","not GxL = 0,both = 2",NA,NA,NA,NA,NA,NA,NA,NA,NA,NA,NA,NA,NA,NA,NA,NA,NA
"25","C3H/HeJ","both = 0","not GxL = 0",NA,NA,NA,NA,NA,"not GxL = 0,both = 0",NA,NA,"not GxL = 0,both = 0","not GxL = 0,both = 0",NA,"not GxL = 0,both = 0",NA,NA,NA,NA,NA,"not GxL = 0,both = 0",NA,NA,NA,NA,NA,NA,NA,NA,NA,NA,"not GxL = 0,both = 0","not GxL = 0,both = 0",NA,"not GxL = 0,both = 0",NA,"not GxL = 0,both = 0",NA,NA,"not GxL = 0,both = 0","not GxL = 0,both = 0",NA,NA,NA,NA,NA
"26","C3H/HeJ","both = 0","not GxL = 1",NA,NA,NA,NA,NA,NA,NA,NA,NA,NA,NA,NA,NA,NA,NA,NA,NA,NA,NA,NA,NA,NA,NA,"not GxL = 1,both = 0",NA,NA,NA,"not GxL = 1,both = 0",NA,NA,NA,NA,NA,NA,NA,NA,NA,NA,NA,NA,NA,NA,NA
"27","C3H/HeJ","both = 1","not GxL = 0",NA,NA,NA,NA,NA,NA,"not GxL = 0,both = 1",NA,NA,NA,"not GxL = 0,both = 1",NA,NA,"not GxL = 0,both = 1",NA,"not GxL = 0,both = 1",NA,NA,NA,"not GxL = 0,both = 1","not GxL = 0,both = 1","not GxL = 0,both = 1",NA,NA,"not GxL = 0,both = 1",NA,NA,NA,NA,NA,"not GxL = 0,both = 1",NA,"not GxL = 0,both = 1",NA,"not GxL = 0,both = 1","not GxL = 0,both = 1",NA,NA,"not GxL = 0,both = 1","not GxL = 0,both = 1","not GxL = 0,both = 1","not GxL = 0,both = 1","not GxL = 0,both = 1"
"28","C3H/HeJ","both = 2","not GxL = 0",NA,NA,NA,NA,NA,NA,NA,"not GxL = 0,both = 2",NA,NA,NA,NA,"not GxL = 0,both = 2",NA,"not GxL = 0,both = 2",NA,"not GxL = 0,both = 2",NA,"not GxL = 0,both = 2",NA,NA,NA,"not GxL = 0,both = 2",NA,NA,"not GxL = 0,both = 2",NA,NA,NA,NA,NA,NA,NA,NA,NA,NA,NA,NA,NA,NA,NA,NA,NA
"29","C57BL/6J","both = 0","not GxL = 0",NA,NA,NA,NA,NA,NA,"not GxL = 0,both = 0",NA,NA,NA,NA,"not GxL = 0,both = 0",NA,NA,NA,NA,NA,"not GxL = 0,both = 0",NA,NA,NA,NA,NA,NA,NA,NA,NA,NA,"not GxL = 0,both = 0","not GxL = 0,both = 0","not GxL = 0,both = 0","not GxL = 0,both = 0",NA,"not GxL = 0,both = 0",NA,"not GxL = 0,both = 0",NA,"not GxL = 0,both = 0",NA,NA,NA,NA,NA
"30","C57BL/6J","both = 0","not GxL = 1",NA,NA,NA,NA,NA,NA,NA,NA,NA,"not GxL = 1,both = 0",NA,NA,NA,"not GxL = 1,both = 0",NA,NA,NA,NA,NA,NA,NA,NA,NA,NA,NA,NA,NA,NA,NA,NA,NA,NA,NA,NA,NA,NA,NA,NA,NA,NA,NA,NA,NA
"31","C57BL/6J","both = 1","not GxL = 0",NA,NA,NA,NA,NA,NA,NA,NA,"not GxL = 0,both = 1",NA,"not GxL = 0,both = 1",NA,NA,NA,NA,"not GxL = 0,both = 1",NA,NA,NA,"not GxL = 0,both = 1","not GxL = 0,both = 1",NA,NA,"not GxL = 0,both = 1","not GxL = 0,both = 1",NA,NA,NA,NA,NA,NA,NA,"not GxL = 0,both = 1",NA,"not GxL = 0,both = 1",NA,"not GxL = 0,both = 1",NA,"not GxL = 0,both = 1","not GxL = 0,both = 1","not GxL = 0,both = 1","not GxL = 0,both = 1","not GxL = 0,both = 1"
"32","C57BL/6J","both = 1","not GxL = 1",NA,NA,NA,NA,NA,NA,NA,NA,NA,NA,NA,NA,NA,NA,NA,NA,NA,NA,NA,NA,NA,"not GxL = 1,both = 1",NA,NA,NA,NA,NA,NA,NA,NA,NA,NA,NA,NA,NA,NA,NA,NA,NA,NA,NA,NA,NA
"33","C57BL/6J","both = 2","not GxL = 0",NA,NA,NA,NA,NA,NA,NA,"not GxL = 0,both = 2",NA,NA,NA,NA,"not GxL = 0,both = 2",NA,"not GxL = 0,both = 2",NA,"not GxL = 0,both = 2",NA,"not GxL = 0,both = 2",NA,NA,NA,"not GxL = 0,both = 2",NA,NA,"not GxL = 0,both = 2",NA,NA,NA,NA,NA,NA,NA,NA,NA,NA,NA,NA,NA,NA,NA,NA,NA
"34","C57BLKS/J","both = 0","not GxL = 0",NA,NA,NA,NA,NA,NA,NA,NA,NA,NA,NA,NA,NA,"not GxL = 0,both = 0",NA,NA,NA,NA,NA,NA,NA,NA,NA,NA,NA,NA,NA,NA,NA,"not GxL = 0,both = 0","not GxL = 0,both = 0",NA,NA,"not GxL = 0,both = 0",NA,"not GxL = 0,both = 0",NA,"not GxL = 0,both = 0",NA,NA,NA,NA,"not GxL = 0,both = 0"
"35","C57BLKS/J","both = 0","not GxL = 1",NA,NA,NA,NA,NA,NA,NA,NA,NA,NA,NA,NA,NA,NA,NA,NA,NA,NA,NA,NA,NA,NA,NA,NA,NA,NA,NA,NA,NA,NA,NA,NA,NA,NA,NA,NA,NA,NA,NA,NA,"not GxL = 1,both = 0",NA,NA
"36","C57BLKS/J","both = 1","not GxL = 0",NA,NA,NA,NA,NA,NA,NA,NA,"not GxL = 0,both = 1","not GxL = 0,both = 1","not GxL = 0,both = 1","not GxL = 0,both = 1",NA,NA,NA,"not GxL = 0,both = 1",NA,"not GxL = 0,both = 1",NA,"not GxL = 0,both = 1","not GxL = 0,both = 1",NA,NA,"not GxL = 0,both = 1","not GxL = 0,both = 1",NA,NA,NA,"not GxL = 0,both = 1",NA,NA,"not GxL = 0,both = 1","not GxL = 0,both = 1",NA,"not GxL = 0,both = 1",NA,"not GxL = 0,both = 1",NA,"not GxL = 0,both = 1","not GxL = 0,both = 1",NA,"not GxL = 0,both = 1",NA
"37","C57BLKS/J","both = 2","not GxL = 0",NA,NA,NA,NA,NA,NA,NA,"not GxL = 0,both = 2",NA,NA,NA,NA,"not GxL = 0,both = 2",NA,"not GxL = 0,both = 2",NA,"not GxL = 0,both = 2",NA,"not GxL = 0,both = 2",NA,NA,"not GxL = 0,both = 2","not GxL = 0,both = 2",NA,NA,"not GxL = 0,both = 2",NA,NA,NA,NA,NA,NA,NA,NA,NA,NA,NA,NA,NA,NA,NA,NA,NA
"38","CAST/EiJ","both = 0","not GxL = 0",NA,NA,NA,NA,NA,NA,NA,NA,NA,NA,NA,NA,NA,NA,"not GxL = 0,both = 0",NA,NA,NA,NA,NA,NA,NA,NA,NA,NA,NA,NA,NA,NA,NA,NA,NA,"not GxL = 0,both = 0",NA,NA,NA,NA,NA,NA,NA,NA,NA,NA
"39","CAST/EiJ","both = 1","not GxL = 0",NA,NA,NA,NA,NA,NA,NA,NA,NA,NA,"not GxL = 0,both = 1",NA,NA,NA,NA,"not GxL = 0,both = 1",NA,NA,NA,"not GxL = 0,both = 1","not GxL = 0,both = 1",NA,"not GxL = 0,both = 1",NA,NA,"not GxL = 0,both = 1",NA,NA,NA,NA,NA,"not GxL = 0,both = 1",NA,"not GxL = 0,both = 1","not GxL = 0,both = 1","not GxL = 0,both = 1","not GxL = 0,both = 1","not GxL = 0,both = 1","not GxL = 0,both = 1","not GxL = 0,both = 1","not GxL = 0,both = 1","not GxL = 0,both = 1","not GxL = 0,both = 1"
"40","CAST/EiJ","both = 2","not GxL = 0",NA,NA,NA,NA,NA,NA,NA,NA,"not GxL = 0,both = 2","not GxL = 0,both = 2",NA,"not GxL = 0,both = 2","not GxL = 0,both = 2","not GxL = 0,both = 2",NA,NA,"not GxL = 0,both = 2","not GxL = 0,both = 2","not GxL = 0,both = 2",NA,NA,"not GxL = 0,both = 2",NA,"not GxL = 0,both = 2","not GxL = 0,both = 2",NA,NA,NA,NA,NA,NA,NA,NA,NA,NA,NA,NA,NA,NA,NA,NA,NA,NA
"41","CBA/J","both = 0","not GxL = 0",NA,NA,NA,NA,NA,NA,NA,NA,NA,"not GxL = 0,both = 0",NA,NA,NA,NA,NA,NA,NA,"not GxL = 0,both = 0",NA,NA,NA,NA,NA,NA,NA,NA,NA,NA,NA,NA,NA,"not GxL = 0,both = 0",NA,NA,NA,NA,"not GxL = 0,both = 0",NA,NA,NA,NA,NA,NA
"42","CBA/J","both = 0","not GxL = 1",NA,NA,NA,NA,NA,NA,NA,NA,NA,NA,NA,"not GxL = 1,both = 0",NA,NA,NA,NA,NA,NA,NA,NA,NA,NA,NA,NA,NA,NA,NA,NA,NA,NA,NA,NA,NA,NA,NA,NA,NA,NA,NA,NA,NA,NA,NA
"43","CBA/J","both = 1","not GxL = 0",NA,NA,NA,NA,NA,NA,NA,NA,NA,NA,"not GxL = 0,both = 1",NA,NA,"not GxL = 0,both = 1",NA,"not GxL = 0,both = 1",NA,NA,NA,"not GxL = 0,both = 1","not GxL = 0,both = 1","not GxL = 0,both = 1",NA,NA,"not GxL = 0,both = 1",NA,NA,NA,NA,NA,NA,NA,"not GxL = 0,both = 1","not GxL = 0,both = 1","not GxL = 0,both = 1","not GxL = 0,both = 1",NA,"not GxL = 0,both = 1","not GxL = 0,both = 1","not GxL = 0,both = 1","not GxL = 0,both = 1","not GxL = 0,both = 1","not GxL = 0,both = 1"
"44","CBA/J","both = 2","not GxL = 0",NA,NA,NA,NA,NA,NA,NA,NA,NA,NA,NA,NA,"not GxL = 0,both = 2",NA,"not GxL = 0,both = 2",NA,"not GxL = 0,both = 2",NA,"not GxL = 0,both = 2",NA,NA,NA,"not GxL = 0,both = 2","not GxL = 0,both = 2",NA,"not GxL = 0,both = 2",NA,NA,NA,NA,NA,NA,NA,NA,NA,NA,NA,NA,NA,NA,NA,NA,NA
"45","DBA/2J","both = 0","not GxL = 0",NA,NA,NA,NA,NA,NA,NA,NA,NA,NA,NA,NA,NA,NA,NA,NA,NA,"not GxL = 0,both = 0",NA,NA,NA,NA,NA,NA,NA,NA,NA,NA,NA,NA,NA,NA,NA,"not GxL = 0,both = 0",NA,NA,"not GxL = 0,both = 0","not GxL = 0,both = 0",NA,NA,NA,NA,NA
"46","DBA/2J","both = 0","not GxL = 1",NA,NA,NA,NA,NA,NA,NA,NA,NA,NA,NA,"not GxL = 1,both = 0",NA,NA,NA,NA,NA,NA,NA,NA,NA,NA,NA,NA,NA,NA,NA,NA,NA,NA,NA,NA,NA,NA,NA,NA,NA,NA,NA,NA,NA,NA,NA
"47","DBA/2J","both = 1","not GxL = 0",NA,NA,NA,NA,NA,NA,NA,NA,NA,NA,"not GxL = 0,both = 1",NA,NA,"not GxL = 0,both = 1",NA,"not GxL = 0,both = 1",NA,NA,NA,"not GxL = 0,both = 1","not GxL = 0,both = 1","not GxL = 0,both = 1",NA,NA,"not GxL = 0,both = 1",NA,NA,NA,NA,NA,NA,NA,NA,NA,"not GxL = 0,both = 1","not GxL = 0,both = 1",NA,NA,"not GxL = 0,both = 1","not GxL = 0,both = 1","not GxL = 0,both = 1","not GxL = 0,both = 1","not GxL = 0,both = 1"
"48","DBA/2J","both = 1","not GxL = 1",NA,NA,NA,NA,NA,NA,NA,NA,NA,NA,NA,NA,NA,NA,NA,NA,NA,NA,NA,NA,NA,NA,NA,"not GxL = 1,both = 1",NA,NA,NA,NA,NA,NA,NA,NA,NA,NA,NA,NA,NA,NA,NA,NA,NA,NA,NA
"49","DBA/2J","both = 2","not GxL = 0",NA,NA,NA,NA,NA,NA,NA,NA,NA,NA,NA,NA,"not GxL = 0,both = 2",NA,"not GxL = 0,both = 2",NA,"not GxL = 0,both = 2",NA,"not GxL = 0,both = 2",NA,NA,NA,"not GxL = 0,both = 2",NA,NA,"not GxL = 0,both = 2",NA,NA,NA,NA,NA,NA,NA,NA,NA,NA,NA,NA,NA,NA,NA,NA,NA
"50","DDY/JclSidSeyFrkJ","both = 0","not GxL = 0",NA,NA,NA,NA,NA,NA,NA,NA,NA,NA,NA,NA,"not GxL = 0,both = 0",NA,NA,"not GxL = 0,both = 0",NA,NA,NA,NA,NA,NA,NA,NA,NA,NA,NA,NA,NA,NA,NA,NA,NA,NA,NA,NA,NA,NA,NA,NA,NA,NA,NA
"51","DDY/JclSidSeyFrkJ","both = 0","not GxL = 1",NA,NA,NA,NA,NA,NA,NA,NA,NA,NA,NA,NA,NA,NA,NA,NA,NA,NA,NA,NA,NA,"not GxL = 1,both = 0",NA,NA,NA,NA,NA,NA,NA,NA,NA,NA,NA,NA,NA,NA,NA,NA,NA,NA,NA,NA,NA
"52","DDY/JclSidSeyFrkJ","both = 1","not GxL = 0",NA,NA,NA,NA,NA,NA,NA,NA,NA,NA,NA,"not GxL = 0,both = 1",NA,"not GxL = 0,both = 1","not GxL = 0,both = 1",NA,"not GxL = 0,both = 1","not GxL = 0,both = 1","not GxL = 0,both = 1","not GxL = 0,both = 1","not GxL = 0,both = 1",NA,"not GxL = 0,both = 1","not GxL = 0,both = 1","not GxL = 0,both = 1","not GxL = 0,both = 1",NA,NA,NA,NA,NA,NA,NA,NA,NA,NA,NA,NA,NA,NA,NA,NA,NA
"53","FVB/NJ","both = 0","not GxL = 0",NA,NA,NA,NA,NA,NA,NA,NA,NA,NA,NA,NA,NA,NA,NA,NA,NA,"not GxL = 0,both = 0",NA,NA,NA,NA,NA,NA,NA,NA,NA,NA,NA,NA,NA,NA,NA,"not GxL = 0,both = 0",NA,NA,NA,"not GxL = 0,both = 0",NA,NA,NA,NA,NA
"54","FVB/NJ","both = 1","not GxL = 0",NA,NA,NA,NA,NA,NA,NA,NA,NA,NA,NA,NA,NA,"not GxL = 0,both = 1",NA,"not GxL = 0,both = 1",NA,NA,NA,"not GxL = 0,both = 1","not GxL = 0,both = 1","not GxL = 0,both = 1",NA,"not GxL = 0,both = 1","not GxL = 0,both = 1",NA,NA,NA,NA,NA,NA,NA,NA,NA,"not GxL = 0,both = 1","not GxL = 0,both = 1","not GxL = 0,both = 1",NA,"not GxL = 0,both = 1","not GxL = 0,both = 1","not GxL = 0,both = 1","not GxL = 0,both = 1","not GxL = 0,both = 1"
"55","FVB/NJ","both = 2","not GxL = 0",NA,NA,NA,NA,NA,NA,NA,NA,NA,NA,NA,NA,"not GxL = 0,both = 2",NA,"not GxL = 0,both = 2",NA,"not GxL = 0,both = 2",NA,"not GxL = 0,both = 2",NA,NA,NA,"not GxL = 0,both = 2",NA,NA,"not GxL = 0,both = 2",NA,NA,NA,NA,NA,NA,NA,NA,NA,NA,NA,NA,NA,NA,NA,NA,NA
"56","KK/HlJ","both = 1","not GxL = 0",NA,NA,NA,NA,NA,NA,NA,NA,NA,NA,NA,NA,NA,NA,NA,"not GxL = 0,both = 1",NA,NA,"not GxL = 0,both = 1","not GxL = 0,both = 1","not GxL = 0,both = 1","not GxL = 0,both = 1",NA,NA,NA,NA,NA,NA,NA,NA,NA,NA,NA,NA,NA,"not GxL = 0,both = 1","not GxL = 0,both = 1","not GxL = 0,both = 1","not GxL = 0,both = 1","not GxL = 0,both = 1","not GxL = 0,both = 1","not GxL = 0,both = 1","not GxL = 0,both = 1"
"57","KK/HlJ","both = 2","not GxL = 0",NA,NA,NA,NA,NA,NA,NA,NA,NA,NA,NA,NA,NA,"not GxL = 0,both = 2","not GxL = 0,both = 2",NA,"not GxL = 0,both = 2","not GxL = 0,both = 2",NA,NA,NA,NA,"not GxL = 0,both = 2","not GxL = 0,both = 2","not GxL = 0,both = 2","not GxL = 0,both = 2",NA,NA,NA,NA,NA,NA,NA,NA,NA,NA,NA,NA,NA,NA,NA,NA,NA
"58","MA/MyJ","both = 0","not GxL = 0",NA,NA,NA,NA,NA,NA,NA,NA,NA,NA,NA,NA,NA,NA,NA,NA,NA,NA,NA,NA,NA,NA,NA,NA,NA,NA,NA,NA,NA,NA,NA,NA,NA,NA,NA,NA,NA,"not GxL = 0,both = 0",NA,NA,"not GxL = 0,both = 0",NA,"not GxL = 0,both = 0"
"59","MA/MyJ","both = 0","not GxL = 1",NA,NA,NA,NA,NA,NA,NA,NA,NA,NA,NA,NA,NA,NA,NA,NA,NA,NA,NA,NA,NA,NA,NA,NA,NA,NA,NA,NA,NA,NA,NA,NA,NA,NA,NA,NA,NA,NA,"not GxL = 1,both = 0",NA,NA,NA,NA
"60","MA/MyJ","both = 1","not GxL = 0",NA,NA,NA,NA,NA,NA,NA,NA,NA,NA,NA,NA,NA,NA,NA,"not GxL = 0,both = 1",NA,"not GxL = 0,both = 1",NA,"not GxL = 0,both = 1","not GxL = 0,both = 1",NA,NA,"not GxL = 0,both = 1","not GxL = 0,both = 1",NA,NA,NA,NA,NA,NA,NA,NA,NA,NA,NA,"not GxL = 0,both = 1",NA,NA,"not GxL = 0,both = 1",NA,"not GxL = 0,both = 1",NA
"61","MA/MyJ","both = 2","not GxL = 0",NA,NA,NA,NA,NA,NA,NA,NA,NA,NA,NA,NA,NA,NA,"not GxL = 0,both = 2",NA,"not GxL = 0,both = 2",NA,"not GxL = 0,both = 2",NA,NA,"not GxL = 0,both = 2","not GxL = 0,both = 2",NA,NA,"not GxL = 0,both = 2",NA,NA,NA,NA,NA,NA,NA,NA,NA,NA,NA,NA,NA,NA,NA,NA,NA
"62","MOLF/EiJ","both = 1","not GxL = 0",NA,NA,NA,NA,NA,NA,NA,NA,NA,NA,NA,NA,NA,NA,NA,"not GxL = 0,both = 1",NA,NA,NA,"not GxL = 0,both = 1","not GxL = 0,both = 1",NA,NA,NA,NA,"not GxL = 0,both = 1",NA,NA,NA,NA,NA,NA,NA,NA,NA,NA,"not GxL = 0,both = 1","not GxL = 0,both = 1","not GxL = 0,both = 1","not GxL = 0,both = 1","not GxL = 0,both = 1","not GxL = 0,both = 1","not GxL = 0,both = 1"
"63","MOLF/EiJ","both = 2","not GxL = 0",NA,NA,NA,NA,NA,NA,NA,NA,NA,NA,NA,NA,NA,NA,NA,NA,"not GxL = 0,both = 2","not GxL = 0,both = 2","not GxL = 0,both = 2",NA,NA,"not GxL = 0,both = 2","not GxL = 0,both = 2","not GxL = 0,both = 2","not GxL = 0,both = 2",NA,NA,NA,NA,NA,NA,NA,NA,NA,NA,NA,NA,NA,NA,NA,NA,NA,NA
"64","MRL/MpJ","both = 1","not GxL = 0",NA,NA,NA,NA,NA,NA,NA,NA,NA,NA,NA,NA,NA,NA,NA,NA,"not GxL = 0,both = 1","not GxL = 0,both = 1","not GxL = 0,both = 1","not GxL = 0,both = 1","not GxL = 0,both = 1","not GxL = 0,both = 1","not GxL = 0,both = 1","not GxL = 0,both = 1","not GxL = 0,both = 1","not GxL = 0,both = 1",NA,NA,NA,NA,NA,NA,NA,NA,NA,NA,NA,NA,NA,NA,NA,NA,NA
"65","MSM/MsJ","both = 1","not GxL = 0",NA,NA,NA,NA,NA,NA,NA,NA,NA,NA,NA,NA,NA,NA,NA,NA,NA,NA,NA,"not GxL = 0,both = 1","not GxL = 0,both = 1",NA,NA,NA,NA,NA,NA,NA,NA,NA,NA,NA,NA,NA,NA,NA,"not GxL = 0,both = 1","not GxL = 0,both = 1","not GxL = 0,both = 1","not GxL = 0,both = 1","not GxL = 0,both = 1","not GxL = 0,both = 1","not GxL = 0,both = 1"
"66","MSM/MsJ","both = 2","not GxL = 0",NA,NA,NA,NA,NA,NA,NA,NA,NA,NA,NA,NA,NA,NA,NA,NA,NA,"not GxL = 0,both = 2","not GxL = 0,both = 2",NA,NA,"not GxL = 0,both = 2","not GxL = 0,both = 2","not GxL = 0,both = 2","not GxL = 0,both = 2","not GxL = 0,both = 2",NA,NA,NA,NA,NA,NA,NA,NA,NA,NA,NA,NA,NA,NA,NA,NA,NA
"67","NOD/ShiLtJ","both = 0","not GxL = 0",NA,NA,NA,NA,NA,NA,NA,NA,NA,NA,NA,NA,NA,NA,NA,NA,NA,NA,NA,NA,NA,NA,NA,NA,NA,NA,NA,NA,NA,NA,NA,NA,NA,NA,NA,NA,"not GxL = 0,both = 0","not GxL = 0,both = 0",NA,NA,NA,NA,NA
"68","NOD/ShiLtJ","both = 1","not GxL = 0",NA,NA,NA,NA,NA,NA,NA,NA,NA,NA,NA,NA,NA,NA,NA,NA,NA,NA,NA,"not GxL = 0,both = 1","not GxL = 0,both = 1","not GxL = 0,both = 1",NA,NA,"not GxL = 0,both = 1",NA,NA,NA,NA,NA,NA,NA,NA,NA,NA,NA,NA,NA,"not GxL = 0,both = 1","not GxL = 0,both = 1","not GxL = 0,both = 1","not GxL = 0,both = 1","not GxL = 0,both = 1"
"69","NOD/ShiLtJ","both = 1","not GxL = 1",NA,NA,NA,NA,NA,NA,NA,NA,NA,NA,NA,NA,NA,NA,NA,NA,NA,NA,NA,NA,NA,NA,NA,"not GxL = 1,both = 1",NA,NA,NA,NA,NA,NA,NA,NA,NA,NA,NA,NA,NA,NA,NA,NA,NA,NA,NA
"70","NOD/ShiLtJ","both = 2","not GxL = 0",NA,NA,NA,NA,NA,NA,NA,NA,NA,NA,NA,NA,NA,NA,NA,NA,NA,NA,"not GxL = 0,both = 2",NA,NA,NA,"not GxL = 0,both = 2",NA,NA,"not GxL = 0,both = 2",NA,NA,NA,NA,NA,NA,NA,NA,NA,NA,NA,NA,NA,NA,NA,NA,NA
"71","NON/ShiLtJ","both = 0","not GxL = 1",NA,NA,NA,NA,NA,NA,NA,NA,NA,NA,NA,NA,NA,NA,NA,NA,NA,NA,NA,NA,"not GxL = 1,both = 0",NA,NA,NA,NA,NA,NA,NA,NA,NA,NA,NA,NA,NA,NA,NA,NA,NA,NA,NA,NA,NA,NA
"72","NON/ShiLtJ","both = 1","not GxL = 0",NA,NA,NA,NA,NA,NA,NA,NA,NA,NA,NA,NA,NA,NA,NA,NA,NA,NA,NA,"not GxL = 0,both = 1",NA,NA,NA,NA,NA,NA,NA,NA,NA,NA,NA,NA,NA,NA,NA,NA,"not GxL = 0,both = 1","not GxL = 0,both = 1","not GxL = 0,both = 1","not GxL = 0,both = 1","not GxL = 0,both = 1","not GxL = 0,both = 1","not GxL = 0,both = 1"
"73","NON/ShiLtJ","both = 2","not GxL = 0",NA,NA,NA,NA,NA,NA,NA,NA,NA,NA,NA,NA,NA,NA,NA,NA,NA,NA,NA,NA,NA,"not GxL = 0,both = 2","not GxL = 0,both = 2","not GxL = 0,both = 2","not GxL = 0,both = 2","not GxL = 0,both = 2",NA,NA,NA,NA,NA,NA,NA,NA,NA,NA,NA,NA,NA,NA,NA,NA,NA
"74","NZL/LtJ","both = 1","not GxL = 0",NA,NA,NA,NA,NA,NA,NA,NA,NA,NA,NA,NA,NA,NA,NA,NA,NA,NA,NA,NA,"not GxL = 0,both = 1","not GxL = 0,both = 1","not GxL = 0,both = 1","not GxL = 0,both = 1","not GxL = 0,both = 1","not GxL = 0,both = 1",NA,NA,NA,NA,NA,NA,NA,NA,NA,NA,NA,NA,NA,NA,NA,NA,NA
"75","NZO/HlLtJ","both = 1","not GxL = 0",NA,NA,NA,NA,NA,NA,NA,NA,NA,NA,NA,NA,NA,NA,NA,NA,NA,NA,NA,NA,NA,"not GxL = 0,both = 1","not GxL = 0,both = 1","not GxL = 0,both = 1","not GxL = 0,both = 1","not GxL = 0,both = 1",NA,NA,NA,NA,NA,NA,NA,NA,NA,NA,NA,NA,NA,NA,NA,NA,NA
"76","NZW/LacJ","both = 0","not GxL = 1",NA,NA,NA,NA,NA,NA,NA,NA,NA,NA,NA,NA,NA,NA,NA,NA,NA,NA,NA,NA,NA,NA,NA,NA,NA,NA,NA,NA,NA,NA,NA,NA,NA,NA,NA,NA,NA,"not GxL = 1,both = 0",NA,NA,NA,NA,NA
"77","NZW/LacJ","both = 1","not GxL = 0",NA,NA,NA,NA,NA,NA,NA,NA,NA,NA,NA,NA,NA,NA,NA,NA,NA,NA,NA,NA,NA,NA,NA,NA,NA,NA,NA,NA,NA,NA,NA,NA,NA,NA,NA,NA,NA,NA,"not GxL = 0,both = 1","not GxL = 0,both = 1","not GxL = 0,both = 1","not GxL = 0,both = 1","not GxL = 0,both = 1"
"78","NZW/LacJ","both = 2","not GxL = 0",NA,NA,NA,NA,NA,NA,NA,NA,NA,NA,NA,NA,NA,NA,NA,NA,NA,NA,NA,NA,NA,NA,"not GxL = 0,both = 2","not GxL = 0,both = 2","not GxL = 0,both = 2","not GxL = 0,both = 2",NA,NA,NA,NA,NA,NA,NA,NA,NA,NA,NA,NA,NA,NA,NA,NA,NA
"79","PWK/PhJ","both = 0","not GxL = 0",NA,NA,NA,NA,NA,NA,NA,NA,NA,NA,NA,NA,NA,NA,NA,NA,NA,NA,NA,NA,NA,NA,NA,NA,NA,"not GxL = 0,both = 0",NA,NA,NA,NA,NA,NA,NA,NA,NA,NA,NA,NA,NA,NA,NA,"not GxL = 0,both = 0",NA
"80","PWK/PhJ","both = 1","not GxL = 0",NA,NA,NA,NA,NA,NA,NA,NA,NA,NA,NA,NA,NA,NA,NA,NA,NA,NA,NA,NA,NA,NA,NA,NA,NA,NA,NA,NA,NA,NA,NA,NA,NA,NA,NA,NA,NA,NA,NA,"not GxL = 0,both = 1","not GxL = 0,both = 1",NA,"not GxL = 0,both = 1"
"81","PWK/PhJ","both = 2","not GxL = 0",NA,NA,NA,NA,NA,NA,NA,NA,NA,NA,NA,NA,NA,NA,NA,NA,NA,NA,NA,NA,NA,NA,NA,"not GxL = 0,both = 2","not GxL = 0,both = 2",NA,NA,NA,NA,NA,NA,NA,NA,NA,NA,NA,NA,NA,NA,NA,NA,NA,NA
"82","SJL/J","both = 1","not GxL = 0",NA,NA,NA,NA,NA,NA,NA,NA,NA,NA,NA,NA,NA,NA,NA,NA,NA,NA,NA,NA,NA,NA,NA,NA,NA,NA,NA,NA,NA,NA,NA,NA,NA,NA,NA,NA,NA,NA,NA,NA,NA,"not GxL = 0,both = 1","not GxL = 0,both = 1"
"83","SJL/J","both = 1","not GxL = 1",NA,NA,NA,NA,NA,NA,NA,NA,NA,NA,NA,NA,NA,NA,NA,NA,NA,NA,NA,NA,NA,NA,NA,NA,"not GxL = 1,both = 1",NA,NA,NA,NA,NA,NA,NA,NA,NA,NA,NA,NA,NA,NA,NA,NA,NA,NA
"84","SJL/J","both = 2","not GxL = 0",NA,NA,NA,NA,NA,NA,NA,NA,NA,NA,NA,NA,NA,NA,NA,NA,NA,NA,NA,NA,NA,NA,NA,NA,NA,"not GxL = 0,both = 2",NA,NA,NA,NA,NA,NA,NA,NA,NA,NA,NA,NA,NA,NA,NA,NA,NA
"85","SM/J","both = 1","not GxL = 0",NA,NA,NA,NA,NA,NA,NA,NA,NA,NA,NA,NA,NA,NA,NA,NA,NA,NA,NA,NA,NA,NA,NA,NA,NA,NA,NA,NA,NA,NA,NA,NA,NA,NA,NA,NA,NA,NA,NA,NA,NA,"not GxL = 0,both = 1","not GxL = 0,both = 1"
"86","SM/J","both = 2","not GxL = 0",NA,NA,NA,NA,NA,NA,NA,NA,NA,NA,NA,NA,NA,NA,NA,NA,NA,NA,NA,NA,NA,NA,NA,NA,NA,"not GxL = 0,both = 2",NA,NA,NA,NA,NA,NA,NA,NA,NA,NA,NA,NA,NA,NA,NA,NA,NA
"87","BUB/BnJ","both = 0","not GxL = 1",NA,NA,NA,NA,NA,NA,NA,NA,NA,NA,NA,NA,"not GxL = 1,both = 0",NA,NA,NA,NA,NA,NA,NA,NA,NA,NA,NA,NA,NA,NA,NA,NA,NA,NA,NA,NA,NA,NA,NA,"not GxL = 1,both = 0",NA,NA,NA,NA,NA,NA
"88","BUB/BnJ","both = 1","not GxL = 0",NA,NA,NA,NA,"not GxL = 0,both = 1","not GxL = 0,both = 1","not GxL = 0,both = 1","not GxL = 0,both = 1","not GxL = 0,both = 1","not GxL = 0,both = 1",NA,"not GxL = 0,both = 1",NA,"not GxL = 0,both = 1","not GxL = 0,both = 1",NA,"not GxL = 0,both = 1","not GxL = 0,both = 1","not GxL = 0,both = 1",NA,NA,"not GxL = 0,both = 1","not GxL = 0,both = 1","not GxL = 0,both = 1","not GxL = 0,both = 1","not GxL = 0,both = 1",NA,"not GxL = 0,both = 1","not GxL = 0,both = 1","not GxL = 0,both = 1","not GxL = 0,both = 1","not GxL = 0,both = 1","not GxL = 0,both = 1","not GxL = 0,both = 1","not GxL = 0,both = 1","not GxL = 0,both = 1",NA,"not GxL = 0,both = 1","not GxL = 0,both = 1","not GxL = 0,both = 1","not GxL = 0,both = 1","not GxL = 0,both = 1","not GxL = 0,both = 1"
"89","C57BL/10J","both = 0","not GxL = 0",NA,NA,NA,NA,NA,"not GxL = 0,both = 0","not GxL = 0,both = 0",NA,NA,NA,NA,"not GxL = 0,both = 0",NA,"not GxL = 0,both = 0",NA,NA,NA,NA,NA,NA,NA,NA,NA,"not GxL = 0,both = 0",NA,NA,NA,NA,"not GxL = 0,both = 0","not GxL = 0,both = 0","not GxL = 0,both = 0",NA,NA,"not GxL = 0,both = 0",NA,"not GxL = 0,both = 0",NA,"not GxL = 0,both = 0",NA,NA,NA,NA,NA
"90","C57BL/10J","both = 0","not GxL = 1",NA,NA,NA,NA,NA,NA,NA,NA,NA,"not GxL = 1,both = 0",NA,NA,NA,NA,NA,NA,NA,"not GxL = 1,both = 0",NA,NA,NA,NA,NA,NA,NA,NA,NA,NA,NA,NA,NA,NA,NA,NA,NA,NA,NA,NA,NA,NA,NA,NA,NA
"91","C57BL/10J","both = 1","not GxL = 0",NA,NA,NA,NA,NA,NA,NA,"not GxL = 0,both = 1","not GxL = 0,both = 1",NA,NA,NA,"not GxL = 0,both = 1",NA,"not GxL = 0,both = 1",NA,"not GxL = 0,both = 1",NA,"not GxL = 0,both = 1",NA,NA,"not GxL = 0,both = 1","not GxL = 0,both = 1",NA,"not GxL = 0,both = 1","not GxL = 0,both = 1",NA,NA,NA,NA,NA,"not GxL = 0,both = 1","not GxL = 0,both = 1",NA,"not GxL = 0,both = 1",NA,"not GxL = 0,both = 1",NA,"not GxL = 0,both = 1","not GxL = 0,both = 1","not GxL = 0,both = 1","not GxL = 0,both = 1","not GxL = 0,both = 1"
"92","C57BR/cdJ","both = 0","not GxL = 0",NA,NA,NA,NA,NA,NA,NA,NA,NA,"not GxL = 0,both = 0",NA,"not GxL = 0,both = 0",NA,NA,NA,NA,NA,"not GxL = 0,both = 0",NA,NA,NA,NA,NA,"not GxL = 0,both = 0",NA,NA,NA,NA,NA,"not GxL = 0,both = 0",NA,NA,NA,"not GxL = 0,both = 0",NA,NA,NA,"not GxL = 0,both = 0",NA,NA,NA,NA,NA
"93","C57BR/cdJ","both = 1","not GxL = 0",NA,NA,NA,NA,NA,NA,NA,"not GxL = 0,both = 1","not GxL = 0,both = 1",NA,NA,NA,"not GxL = 0,both = 1","not GxL = 0,both = 1","not GxL = 0,both = 1",NA,"not GxL = 0,both = 1",NA,"not GxL = 0,both = 1",NA,NA,"not GxL = 0,both = 1","not GxL = 0,both = 1",NA,"not GxL = 0,both = 1","not GxL = 0,both = 1",NA,NA,NA,NA,"not GxL = 0,both = 1","not GxL = 0,both = 1","not GxL = 0,both = 1",NA,"not GxL = 0,both = 1","not GxL = 0,both = 1","not GxL = 0,both = 1",NA,"not GxL = 0,both = 1","not GxL = 0,both = 1","not GxL = 0,both = 1","not GxL = 0,both = 1","not GxL = 0,both = 1"
"94","C57L/J","both = 0","not GxL = 0",NA,NA,NA,NA,NA,NA,NA,NA,NA,"not GxL = 0,both = 0",NA,"not GxL = 0,both = 0",NA,NA,NA,NA,NA,"not GxL = 0,both = 0",NA,NA,NA,NA,NA,"not GxL = 0,both = 0",NA,NA,NA,NA,NA,NA,"not GxL = 0,both = 0",NA,NA,"not GxL = 0,both = 0",NA,"not GxL = 0,both = 0",NA,"not GxL = 0,both = 0",NA,NA,NA,NA,NA
"95","C57L/J","both = 0","not GxL = 1",NA,NA,NA,NA,NA,NA,NA,NA,NA,NA,NA,NA,NA,"not GxL = 1,both = 0",NA,NA,NA,NA,NA,NA,NA,"not GxL = 1,both = 0",NA,NA,NA,NA,NA,NA,NA,NA,NA,"not GxL = 1,both = 0",NA,NA,NA,NA,NA,NA,NA,NA,NA,NA,NA
"96","C57L/J","both = 1","not GxL = 0",NA,NA,NA,NA,NA,NA,NA,"not GxL = 0,both = 1","not GxL = 0,both = 1",NA,NA,NA,"not GxL = 0,both = 1",NA,"not GxL = 0,both = 1",NA,"not GxL = 0,both = 1",NA,"not GxL = 0,both = 1",NA,NA,NA,"not GxL = 0,both = 1",NA,"not GxL = 0,both = 1","not GxL = 0,both = 1",NA,NA,NA,NA,NA,NA,"not GxL = 0,both = 1",NA,"not GxL = 0,both = 1",NA,"not GxL = 0,both = 1",NA,"not GxL = 0,both = 1","not GxL = 0,both = 1","not GxL = 0,both = 1","not GxL = 0,both = 1","not GxL = 0,both = 1"
"97","C58/J","both = 0","not GxL = 0",NA,NA,NA,NA,NA,NA,NA,NA,NA,NA,NA,NA,NA,"not GxL = 0,both = 0",NA,NA,NA,NA,NA,NA,NA,NA,NA,"not GxL = 0,both = 0",NA,NA,NA,NA,NA,NA,NA,NA,NA,"not GxL = 0,both = 0",NA,"not GxL = 0,both = 0",NA,"not GxL = 0,both = 0","not GxL = 0,both = 0",NA,"not GxL = 0,both = 0",NA,"not GxL = 0,both = 0"
"98","C58/J","both = 1","not GxL = 0",NA,NA,NA,NA,NA,NA,NA,"not GxL = 0,both = 1","not GxL = 0,both = 1","not GxL = 0,both = 1",NA,"not GxL = 0,both = 1","not GxL = 0,both = 1",NA,"not GxL = 0,both = 1",NA,"not GxL = 0,both = 1","not GxL = 0,both = 1","not GxL = 0,both = 1",NA,NA,"not GxL = 0,both = 1","not GxL = 0,both = 1",NA,"not GxL = 0,both = 1","not GxL = 0,both = 1",NA,NA,NA,NA,NA,"not GxL = 0,both = 1","not GxL = 0,both = 1",NA,"not GxL = 0,both = 1",NA,"not GxL = 0,both = 1",NA,NA,"not GxL = 0,both = 1",NA,"not GxL = 0,both = 1",NA
"99","CE/J","both = 0","not GxL = 0",NA,NA,NA,NA,NA,NA,NA,NA,NA,"not GxL = 0,both = 0",NA,"not GxL = 0,both = 0",NA,NA,NA,NA,NA,"not GxL = 0,both = 0",NA,NA,NA,"not GxL = 0,both = 0",NA,NA,NA,NA,NA,NA,NA,NA,NA,NA,NA,NA,NA,NA,"not GxL = 0,both = 0",NA,NA,NA,NA,NA,NA
"100","CE/J","both = 0","not GxL = 1",NA,NA,NA,NA,NA,NA,NA,NA,NA,NA,NA,NA,NA,NA,NA,NA,NA,NA,NA,NA,NA,NA,NA,NA,NA,NA,NA,NA,NA,NA,NA,NA,NA,"not GxL = 1,both = 0",NA,NA,NA,"not GxL = 1,both = 0",NA,NA,NA,NA,NA
"101","CE/J","both = 1","not GxL = 0",NA,NA,NA,NA,NA,NA,NA,NA,NA,NA,NA,NA,"not GxL = 0,both = 1","not GxL = 0,both = 1","not GxL = 0,both = 1",NA,"not GxL = 0,both = 1",NA,"not GxL = 0,both = 1",NA,NA,NA,"not GxL = 0,both = 1","not GxL = 0,both = 1","not GxL = 0,both = 1","not GxL = 0,both = 1",NA,NA,NA,NA,NA,NA,"not GxL = 0,both = 1",NA,"not GxL = 0,both = 1","not GxL = 0,both = 1",NA,NA,"not GxL = 0,both = 1","not GxL = 0,both = 1","not GxL = 0,both = 1","not GxL = 0,both = 1","not GxL = 0,both = 1"
"102","CZECHII/EiJ","both = 0","not GxL = 0",NA,NA,NA,NA,NA,NA,NA,NA,NA,NA,NA,NA,NA,NA,"not GxL = 0,both = 0",NA,NA,NA,NA,NA,NA,NA,NA,NA,NA,NA,NA,NA,NA,NA,NA,NA,NA,NA,NA,NA,NA,NA,NA,NA,NA,NA,NA
"103","CZECHII/EiJ","both = 1","not GxL = 0",NA,NA,NA,NA,NA,NA,NA,NA,NA,"not GxL = 0,both = 1",NA,"not GxL = 0,both = 1","not GxL = 0,both = 1","not GxL = 0,both = 1",NA,NA,"not GxL = 0,both = 1","not GxL = 0,both = 1","not GxL = 0,both = 1",NA,NA,"not GxL = 0,both = 1","not GxL = 0,both = 1","not GxL = 0,both = 1","not GxL = 0,both = 1","not GxL = 0,both = 1",NA,NA,NA,NA,NA,NA,NA,"not GxL = 0,both = 1","not GxL = 0,both = 1","not GxL = 0,both = 1","not GxL = 0,both = 1","not GxL = 0,both = 1","not GxL = 0,both = 1","not GxL = 0,both = 1","not GxL = 0,both = 1","not GxL = 0,both = 1","not GxL = 0,both = 1"
"104","I/LnJ","both = 0","not GxL = 0",NA,NA,NA,NA,NA,NA,NA,NA,NA,NA,NA,NA,NA,"not GxL = 0,both = 0",NA,NA,NA,"not GxL = 0,both = 0",NA,NA,NA,NA,NA,"not GxL = 0,both = 0",NA,NA,NA,NA,NA,NA,NA,NA,NA,NA,NA,"not GxL = 0,both = 0",NA,"not GxL = 0,both = 0",NA,NA,NA,NA,"not GxL = 0,both = 0"
"105","I/LnJ","both = 0","not GxL = 1",NA,NA,NA,NA,NA,NA,NA,NA,NA,NA,NA,NA,NA,NA,NA,NA,NA,NA,NA,NA,NA,NA,NA,NA,NA,NA,NA,NA,NA,NA,NA,NA,NA,NA,NA,NA,NA,NA,"not GxL = 1,both = 0",NA,"not GxL = 1,both = 0",NA,NA
"106","I/LnJ","both = 1","not GxL = 0",NA,NA,NA,NA,NA,NA,NA,NA,NA,NA,NA,NA,"not GxL = 0,both = 1",NA,"not GxL = 0,both = 1",NA,"not GxL = 0,both = 1",NA,"not GxL = 0,both = 1",NA,NA,"not GxL = 0,both = 1","not GxL = 0,both = 1",NA,"not GxL = 0,both = 1","not GxL = 0,both = 1",NA,NA,NA,NA,NA,NA,NA,NA,"not GxL = 0,both = 1",NA,"not GxL = 0,both = 1",NA,NA,"not GxL = 0,both = 1",NA,"not GxL = 0,both = 1",NA
"107","JF1/MsJ","both = 0","not GxL = 0",NA,NA,NA,NA,NA,NA,NA,NA,NA,NA,NA,NA,NA,NA,NA,NA,NA,NA,NA,NA,NA,NA,NA,NA,"not GxL = 0,both = 0",NA,NA,NA,NA,NA,NA,NA,NA,NA,NA,NA,NA,NA,NA,"not GxL = 0,both = 0",NA,"not GxL = 0,both = 0",NA
"108","JF1/MsJ","both = 0","not GxL = 1",NA,NA,NA,NA,NA,NA,NA,NA,NA,NA,NA,NA,NA,NA,NA,NA,NA,NA,NA,NA,NA,NA,NA,NA,NA,NA,NA,NA,NA,NA,NA,NA,NA,NA,NA,NA,NA,NA,"not GxL = 1,both = 0",NA,"not GxL = 1,both = 0",NA,NA
"109","JF1/MsJ","both = 1","not GxL = 0",NA,NA,NA,NA,NA,NA,NA,NA,NA,NA,NA,NA,"not GxL = 0,both = 1","not GxL = 0,both = 1","not GxL = 0,both = 1",NA,"not GxL = 0,both = 1","not GxL = 0,both = 1","not GxL = 0,both = 1",NA,NA,"not GxL = 0,both = 1","not GxL = 0,both = 1","not GxL = 0,both = 1",NA,"not GxL = 0,both = 1",NA,NA,NA,NA,NA,NA,NA,NA,NA,"not GxL = 0,both = 1","not GxL = 0,both = 1","not GxL = 0,both = 1",NA,NA,NA,NA,"not GxL = 0,both = 1"
"110","LP/J","both = 0","not GxL = 0",NA,NA,NA,NA,NA,NA,NA,NA,NA,NA,NA,NA,NA,"not GxL = 0,both = 0",NA,NA,NA,NA,NA,NA,NA,NA,NA,"not GxL = 0,both = 0",NA,NA,NA,NA,NA,NA,NA,NA,NA,NA,NA,NA,NA,"not GxL = 0,both = 0",NA,NA,NA,NA,"not GxL = 0,both = 0"
"111","LP/J","both = 1","not GxL = 0",NA,NA,NA,NA,NA,NA,NA,NA,NA,NA,NA,NA,NA,NA,"not GxL = 0,both = 1",NA,"not GxL = 0,both = 1","not GxL = 0,both = 1","not GxL = 0,both = 1",NA,NA,"not GxL = 0,both = 1","not GxL = 0,both = 1",NA,"not GxL = 0,both = 1","not GxL = 0,both = 1",NA,NA,NA,NA,NA,NA,NA,NA,NA,NA,"not GxL = 0,both = 1",NA,"not GxL = 0,both = 1","not GxL = 0,both = 1","not GxL = 0,both = 1","not GxL = 0,both = 1",NA
"112","NZB/BlNJ","both = 0","not GxL = 0",NA,NA,NA,NA,NA,NA,NA,NA,NA,NA,NA,NA,NA,NA,NA,NA,NA,NA,NA,NA,NA,"not GxL = 0,both = 0",NA,NA,NA,NA,NA,NA,NA,NA,NA,NA,NA,NA,NA,NA,NA,NA,NA,NA,NA,NA,NA
"113","NZB/BlNJ","both = 1","not GxL = 0",NA,NA,NA,NA,NA,NA,NA,NA,NA,NA,NA,NA,NA,NA,NA,NA,NA,NA,NA,NA,NA,NA,"not GxL = 0,both = 1","not GxL = 0,both = 1","not GxL = 0,both = 1","not GxL = 0,both = 1",NA,NA,NA,NA,NA,NA,NA,NA,NA,NA,NA,"not GxL = 0,both = 1","not GxL = 0,both = 1","not GxL = 0,both = 1","not GxL = 0,both = 1","not GxL = 0,both = 1","not GxL = 0,both = 1"
"114","PERA/EiJ","both = 0","not GxL = 0",NA,NA,NA,NA,NA,NA,NA,NA,NA,NA,NA,NA,NA,NA,NA,NA,NA,NA,NA,NA,NA,NA,NA,"not GxL = 0,both = 0",NA,NA,NA,NA,NA,NA,NA,NA,NA,NA,NA,NA,NA,NA,NA,NA,NA,NA,NA
"115","PERA/EiJ","both = 0","not GxL = 1",NA,NA,NA,NA,NA,NA,NA,NA,NA,NA,NA,NA,NA,NA,NA,NA,NA,NA,NA,NA,NA,NA,NA,NA,NA,NA,NA,NA,NA,NA,NA,NA,NA,NA,NA,NA,NA,NA,NA,NA,NA,NA,"not GxL = 1,both = 0"
"116","PERA/EiJ","both = 1","not GxL = 0",NA,NA,NA,NA,NA,NA,NA,NA,NA,NA,NA,NA,NA,NA,NA,NA,NA,NA,NA,NA,NA,NA,"not GxL = 0,both = 1",NA,"not GxL = 0,both = 1","not GxL = 0,both = 1",NA,NA,NA,NA,NA,NA,NA,NA,NA,NA,NA,NA,"not GxL = 0,both = 1","not GxL = 0,both = 1","not GxL = 0,both = 1","not GxL = 0,both = 1",NA
"117","PL/J","both = 0","not GxL = 0",NA,NA,NA,NA,NA,NA,NA,NA,NA,NA,NA,NA,NA,NA,NA,NA,NA,NA,NA,NA,NA,NA,NA,NA,NA,NA,NA,NA,NA,NA,NA,NA,NA,NA,NA,NA,NA,NA,NA,"not GxL = 0,both = 0","not GxL = 0,both = 0",NA,"not GxL = 0,both = 0"
"118","PL/J","both = 1","not GxL = 0",NA,NA,NA,NA,NA,NA,NA,NA,NA,NA,NA,NA,NA,NA,NA,NA,NA,NA,NA,NA,NA,NA,"not GxL = 0,both = 1","not GxL = 0,both = 1","not GxL = 0,both = 1","not GxL = 0,both = 1",NA,NA,NA,NA,NA,NA,NA,NA,NA,NA,NA,NA,NA,NA,NA,"not GxL = 0,both = 1",NA
"119","RIIIS/J","both = 0","not GxL = 0",NA,NA,NA,NA,NA,NA,NA,NA,NA,NA,NA,NA,NA,NA,NA,NA,NA,NA,NA,NA,NA,NA,NA,NA,"not GxL = 0,both = 0",NA,NA,NA,NA,NA,NA,NA,NA,NA,NA,NA,NA,NA,NA,NA,"not GxL = 0,both = 0",NA,NA
"120","RIIIS/J","both = 1","not GxL = 0",NA,NA,NA,NA,NA,NA,NA,NA,NA,NA,NA,NA,NA,NA,NA,NA,NA,NA,NA,NA,NA,NA,NA,"not GxL = 0,both = 1",NA,"not GxL = 0,both = 1",NA,NA,NA,NA,NA,NA,NA,NA,NA,NA,NA,NA,NA,NA,NA,"not GxL = 0,both = 1","not GxL = 0,both = 1"
"121","SEA/GnJ","both = 0","not GxL = 0",NA,NA,NA,NA,NA,NA,NA,NA,NA,NA,NA,NA,NA,NA,NA,NA,NA,NA,NA,NA,NA,NA,NA,NA,NA,NA,NA,NA,NA,NA,NA,NA,NA,NA,NA,NA,NA,NA,NA,NA,NA,NA,"not GxL = 0,both = 0"
"122","SEA/GnJ","both = 1","not GxL = 0",NA,NA,NA,NA,NA,NA,NA,NA,NA,NA,NA,NA,NA,NA,NA,NA,NA,NA,NA,NA,NA,NA,NA,"not GxL = 0,both = 1","not GxL = 0,both = 1","not GxL = 0,both = 1",NA,NA,NA,NA,NA,NA,NA,NA,NA,NA,NA,NA,NA,NA,NA,"not GxL = 0,both = 1",NA
"123","SPRET/EiJ","both = 0","not GxL = 0",NA,NA,NA,NA,NA,NA,NA,NA,NA,NA,NA,NA,NA,NA,NA,NA,NA,NA,NA,NA,NA,NA,NA,NA,NA,"not GxL = 0,both = 0",NA,NA,NA,NA,NA,NA,NA,NA,NA,NA,NA,NA,NA,NA,NA,NA,NA
"124","SPRET/EiJ","both = 1","not GxL = 0",NA,NA,NA,NA,NA,NA,NA,NA,NA,NA,NA,NA,NA,NA,NA,NA,NA,NA,NA,NA,NA,NA,NA,NA,NA,NA,NA,NA,NA,NA,NA,NA,NA,NA,NA,NA,NA,NA,NA,NA,NA,NA,"not GxL = 0,both = 1"
"125","SWR/J","both = 1","not GxL = 0",NA,NA,NA,NA,NA,NA,NA,NA,NA,NA,NA,NA,NA,NA,NA,NA,NA,NA,NA,NA,NA,NA,NA,NA,NA,"not GxL = 0,both = 1",NA,NA,NA,NA,NA,NA,NA,NA,NA,NA,NA,NA,NA,NA,NA,NA,NA
