strain,sex,id,age,group,TST_cont,TST_fluox,OFT_thig_cont,OFT_thig_fluox,OFT_dist_cont,OFT_dist_fluox,fluoxetine,norfluoxetine
129S1/SvImJ,m,129_001,9-11,control,52.7,,100,,37.3,,,
129S1/SvImJ,m,129_002,9-11,control,34.0,,99.2,,890,,,
129S1/SvImJ,m,129_003,9-11,control,35.1,,100,,743,,,
129S1/SvImJ,m,129_004,9-11,control,38.6,,99.7,,324,,,
129S1/SvImJ,m,129_005,9-11,control,18.1,,100,,213,,,
129S1/SvImJ,m,129_006,9-11,control,40.4,,100,,656,,,
129S1/SvImJ,m,129_007,9-11,control,35.0,,99.8,,66.2,,,
129S1/SvImJ,m,129_008,9-11,control,40.9,,94.5,,933,,,
129S1/SvImJ,m,129_009,9-11,control,28.2,,99.5,,879,,,
129S1/SvImJ,m,129_010,9-11,control,53.1,,100,,45.8,,,
129S1/SvImJ,m,129_011,9-11,control,43.1,,100,,73.4,,,
129S1/SvImJ,m,129_012,9-11,control,25.9,,100,,33.0,,,
129S1/SvImJ,m,129_013,9-11,control,,,55.5,,504,,,
129S1/SvImJ,m,129_014,9-11,control,20.5,,100,,276,,,
129S1/SvImJ,m,129_015,9-11,control,10.8,,94.3,,1079,,,
129S1/SvImJ,m,129_016,9-11,fluoxetine,,28.7,,100,,183,750,788
129S1/SvImJ,m,129_017,9-11,fluoxetine,,26.4,,99.8,,63.0,1210,1150
129S1/SvImJ,m,129_018,9-11,fluoxetine,,25.2,,100,,719,1230,1080
129S1/SvImJ,m,129_019,9-11,fluoxetine,,37.3,,100,,615,1370,1370
129S1/SvImJ,m,129_020,9-11,fluoxetine,,46.9,,,,,1220,913
129S1/SvImJ,m,129_021,9-11,fluoxetine,,25.2,,100,,28.3,1370,1280
129S1/SvImJ,m,129_022,9-11,fluoxetine,,49.9,,97.2,,639,1260,1220
129S1/SvImJ,m,129_023,9-11,fluoxetine,,22.9,,100,,178,888,940
129S1/SvImJ,m,129_024,9-11,fluoxetine,,30.9,,100,,443,1450,1190
129S1/SvImJ,m,129_025,9-11,fluoxetine,,17.7,,100,,626,1150,1100
129S1/SvImJ,m,129_026,9-11,fluoxetine,,,,100,,24.4,976,1020
129S1/SvImJ,m,129_027,9-11,fluoxetine,,45.2,,98.3,,778,924,936
129S1/SvImJ,m,129_028,9-11,fluoxetine,,28.1,,100,,24.6,1190,1050
A/J,m,A_029,9-11,control,20.1,,100,,94.1,,,
A/J,m,A_030,9-11,control,20.4,,100,,157,,,
A/J,m,A_031,9-11,control,53.9,,99.8,,511,,,
A/J,m,A_032,9-11,control,30.6,,100,,33.2,,,
A/J,m,A_033,9-11,control,17.2,,100,,144,,,
A/J,m,A_034,9-11,control,28.6,,97.8,,590,,,
A/J,m,A_035,9-11,control,,,100,,465,,,
A/J,m,A_036,9-11,control,34.8,,99.9,,545,,,
A/J,m,A_037,9-11,control,39.1,,100,,169,,,
A/J,m,A_038,9-11,control,21.8,,100,,99.6,,,
A/J,m,A_039,9-11,control,24.8,,100,,110,,,
A/J,m,A_040,9-11,control,35.3,,100,,173,,,
A/J,m,A_041,9-11,fluoxetine,,31.8,,100,,50.2,938,1420
A/J,m,A_042,9-11,fluoxetine,,,,99.0,,154,873,1150
A/J,m,A_043,9-11,fluoxetine,,38.2,,100,,665,980,1290
A/J,m,A_044,9-11,fluoxetine,,30.1,,100,,357,1060,1220
A/J,m,A_045,9-11,fluoxetine,,23.1,,100,,405,1240,1630
A/J,m,A_046,9-11,fluoxetine,,26.9,,100,,474,1130,1300
A/J,m,A_047,9-11,fluoxetine,,,,100,,75.1,963,1150
A/J,m,A_048,9-11,fluoxetine,,37.3,,100,,259,1040,1360
A/J,m,A_049,9-11,fluoxetine,,40.9,,100,,99.0,813,1160
A/J,m,A_050,9-11,fluoxetine,,34.3,,100,,72.8,599,889
A/J,m,A_051,9-11,fluoxetine,,26.1,,100,,36.9,652,1010
A/J,m,A_052,9-11,fluoxetine,,26.4,,100,,105,723,1040
A/J,m,A_053,9-11,fluoxetine,,32.1,,99.3,,518,877,1160
A/J,m,A_054,9-11,fluoxetine,,35.7,,85.2,,1079,1020,1150
A/J,m,A_055,9-11,fluoxetine,,33.9,,100,,52.5,1160,1410
AKR/J,m,AKR_056,9-11,control,46.2,,87.0,,1983,,,
AKR/J,m,AKR_057,9-11,control,55.9,,91.3,,2572,,,
AKR/J,m,AKR_058,9-11,control,64.7,,83.8,,2956,,,
AKR/J,m,AKR_059,9-11,control,48.0,,94.7,,1576,,,
AKR/J,m,AKR_060,9-11,control,57.6,,94.0,,1394,,,
AKR/J,m,AKR_061,9-11,control,62.7,,91.3,,1581,,,
AKR/J,m,AKR_062,9-11,control,,,89.5,,1673,,,
AKR/J,m,AKR_063,9-11,control,41.9,,83.7,,1716,,,
AKR/J,m,AKR_064,9-11,control,51.0,,78.3,,1695,,,
AKR/J,m,AKR_065,9-11,fluoxetine,,61.7,,97.7,,1682,931,1090
AKR/J,m,AKR_066,9-11,fluoxetine,,50.4,,89.3,,2093,915,1060
AKR/J,m,AKR_067,9-11,fluoxetine,,54.8,,96.0,,1314,826,1040
AKR/J,m,AKR_068,9-11,fluoxetine,,58.4,,94.2,,1383,1210,1020
AKR/J,m,AKR_069,9-11,fluoxetine,,24.1,,90.0,,1783,781,993
AKR/J,m,AKR_070,9-11,fluoxetine,,37.6,,88.2,,2397,910,1010
AKR/J,m,AKR_071,9-11,fluoxetine,,,,82.2,,2186,1000,1170
AKR/J,m,AKR_072,9-11,fluoxetine,,43.0,,82.8,,1880,1080,1240
AKR/J,m,AKR_073,9-11,fluoxetine,,50.4,,73.2,,1699,1240,1450
BALB/cJ,m,BALB_074,9-11,control,43.8,,70.2,,2127,,,
BALB/cJ,m,BALB_075,9-11,control,28.5,,100,,32.6,,,
BALB/cJ,m,BALB_076,9-11,control,17.6,,74.5,,1688,,,
BALB/cJ,m,BALB_077,9-11,control,21.9,,100,,93.0,,,
BALB/cJ,m,BALB_078,9-11,control,24.5,,94.2,,1430,,,
BALB/cJ,m,BALB_079,9-11,control,27.8,,92.2,,1381,,,
BALB/cJ,m,BALB_080,9-11,control,,,100,,141,,,
BALB/cJ,m,BALB_081,9-11,control,19.7,,99.8,,360,,,
BALB/cJ,m,BALB_082,9-11,control,18.3,,98.8,,1466,,,
BALB/cJ,m,BALB_083,9-11,control,17.6,,,,,,,
BALB/cJ,m,BALB_084,9-11,control,28.6,,,,,,,
BALB/cJ,m,BALB_085,9-11,control,51.4,,,,,,,
BALB/cJ,m,BALB_086,9-11,control,32.1,,,,,,,
BALB/cJ,m,BALB_087,9-11,control,54.1,,,,,,,
BALB/cJ,m,BALB_088,9-11,control,41.9,,,,,,,
BALB/cJ,m,BALB_089,9-11,control,24.0,,,,,,,
BALB/cJ,m,BALB_090,9-11,control,24.7,,,,,,,
BALB/cJ,m,BALB_091,9-11,fluoxetine,,23.7,,98.3,,1236,703,924
BALB/cJ,m,BALB_092,9-11,fluoxetine,,32.4,,99.5,,672,609,710
BALB/cJ,m,BALB_093,9-11,fluoxetine,,25.0,,83.8,,1921,1070,1200
BALB/cJ,m,BALB_094,9-11,fluoxetine,,8.40,,91.5,,1738,806,767
BALB/cJ,m,BALB_095,9-11,fluoxetine,,4.60,,99.2,,65.8,615,696
BALB/cJ,m,BALB_096,9-11,fluoxetine,,16.0,,100,,113,771,964
BALB/cJ,m,BALB_097,9-11,fluoxetine,,30.6,,93.3,,1259,837,854
BALB/cJ,m,BALB_098,9-11,fluoxetine,,4.28,,89.7,,908,931,977
BALB/cJ,m,BALB_099,9-11,fluoxetine,,19.7,,88.2,,1660,974,1010
BALB/cJ,m,BALB_100,9-11,fluoxetine,,,,100,,63.6,681,817
BALB/cJ,m,BALB_101,9-11,fluoxetine,,4.11,,100,,1568,800,1020
BALB/cJ,m,BALB_102,9-11,fluoxetine,,1.83,,,,,,
BALB/cJ,m,BALB_103,9-11,fluoxetine,,25.0,,,,,,
BALB/cJ,m,BALB_104,9-11,fluoxetine,,17.8,,,,,,
BALB/cJ,m,BALB_105,9-11,fluoxetine,,16.8,,,,,,
BALB/cJ,m,BALB_106,9-11,fluoxetine,,23.1,,,,,,
BALB/cJ,m,BALB_107,9-11,fluoxetine,,3.50,,,,,,
BALB/cJ,m,BALB_108,9-11,fluoxetine,,17.4,,,,,805,1230
BALB/cJ,m,BALB_109,9-11,fluoxetine,,10.1,,,,,,
BALB/cJ,m,BALB_110,9-11,fluoxetine,,14.3,,,,,,
"BTBR T+ tf/J",m,BTBR_111,9-11,control,0.940,,81.7,,1771,,,
"BTBR T+ tf/J",m,BTBR_112,9-11,control,0.00,,94.3,,1687,,,
"BTBR T+ tf/J",m,BTBR_113,9-11,control,7.20,,86.8,,2931,,,
"BTBR T+ tf/J",m,BTBR_114,9-11,control,4.00,,95.8,,1175,,,
"BTBR T+ tf/J",m,BTBR_115,9-11,control,1.10,,84.2,,2449,,,
"BTBR T+ tf/J",m,BTBR_116,9-11,control,0.00,,89.3,,2358,,,
"BTBR T+ tf/J",m,BTBR_117,9-11,control,,,97.8,,1375,,,
"BTBR T+ tf/J",m,BTBR_118,9-11,control,20.4,,90.8,,1429,,,
"BTBR T+ tf/J",m,BTBR_119,9-11,control,1.22,,94.8,,2012,,,
"BTBR T+ tf/J",m,BTBR_120,9-11,fluoxetine,,10.3,,98.5,,685,917,1110
"BTBR T+ tf/J",m,BTBR_121,9-11,fluoxetine,,0.100,,94.2,,2957,998,954
"BTBR T+ tf/J",m,BTBR_122,9-11,fluoxetine,,0.00,,98.8,,1934,1140,1940
"BTBR T+ tf/J",m,BTBR_123,9-11,fluoxetine,,3.00,,88.0,,2102,857,1150
"BTBR T+ tf/J",m,BTBR_124,9-11,fluoxetine,,0.0600,,91.0,,2909,632,1080
"BTBR T+ tf/J",m,BTBR_125,9-11,fluoxetine,,4.83,,90.5,,1117,625,938
"BTBR T+ tf/J",m,BTBR_126,9-11,fluoxetine,,0.00,,92.8,,2224,821,1360
"BTBR T+ tf/J",m,BTBR_127,9-11,fluoxetine,,0.0600,,91.7,,2191,859,1120
"BTBR T+ tf/J",m,BTBR_128,9-11,fluoxetine,,,,82.3,,2720,1020,1430
"BTBR T+ tf/J",m,BTBR_129,9-11,fluoxetine,,,,93.7,,1716,953,1160
"BTBR T+ tf/J",m,BTBR_130,9-11,fluoxetine,,,,83.7,,3551,1230,1440
"BTBR T+ tf/J",m,BTBR_131,9-11,fluoxetine,,0.00,,98.3,,1467,893,1180
BUB/BnJ,m,BUB_132,9-11,control,31.1,,85.0,,2276,,,
BUB/BnJ,m,BUB_133,9-11,control,31.2,,91.3,,1127,,,
BUB/BnJ,m,BUB_134,9-11,control,44.2,,84.7,,1671,,,
BUB/BnJ,m,BUB_135,9-11,control,32.8,,78.5,,1784,,,
BUB/BnJ,m,BUB_136,9-11,control,39.4,,70.7,,1121,,,
BUB/BnJ,m,BUB_137,9-11,control,54.7,,78.8,,2012,,,
BUB/BnJ,m,BUB_138,9-11,control,41.1,,86.0,,1495,,,
BUB/BnJ,m,BUB_139,9-11,control,41.8,,75.8,,1370,,,
BUB/BnJ,m,BUB_140,9-11,fluoxetine,,20.0,,78.3,,4375,2380,2460
BUB/BnJ,m,BUB_141,9-11,fluoxetine,,24.2,,76.5,,2495,1420,875
BUB/BnJ,m,BUB_142,9-11,fluoxetine,,40.5,,72.5,,1887,1200,1210
BUB/BnJ,m,BUB_143,9-11,fluoxetine,,23.3,,71.7,,1737,932,1110
BUB/BnJ,m,BUB_144,9-11,fluoxetine,,15.2,,60.2,,1679,1000,1200
BUB/BnJ,m,BUB_145,9-11,fluoxetine,,18.9,,72.3,,2139,1250,1330
BUB/BnJ,m,BUB_146,9-11,fluoxetine,,34.4,,81.3,,2705,1610,1520
BUB/BnJ,m,BUB_147,9-11,fluoxetine,,36.2,,85.0,,2153,1260,1390
BUB/BnJ,m,BUB_148,9-11,fluoxetine,,30.4,,80.5,,2365,1520,1430
C3H/HeJ,m,C3H_149,9-11,control,29.7,,85.8,,1141,,,
C3H/HeJ,m,C3H_150,9-11,control,43.8,,82.5,,1144,,,
C3H/HeJ,m,C3H_151,9-11,control,32.7,,91.5,,824,,,
C3H/HeJ,m,C3H_152,9-11,control,33.3,,89.2,,1343,,,
C3H/HeJ,m,C3H_153,9-11,control,,,88.8,,1059,,,
C3H/HeJ,m,C3H_154,9-11,control,25.2,,93.3,,1032,,,
C3H/HeJ,m,C3H_155,9-11,control,20.8,,86.5,,1468,,,
C3H/HeJ,m,C3H_156,9-11,control,26.8,,82.2,,1572,,,
C3H/HeJ,m,C3H_157,9-11,control,9.22,,89.2,,812,,,
C3H/HeJ,m,C3H_158,9-11,control,30.3,,95.3,,1057,,,
C3H/HeJ,m,C3H_159,9-11,control,17.5,,85.2,,1074,,,
C3H/HeJ,m,C3H_160,9-11,control,34.1,,95.3,,998,,,
C3H/HeJ,m,C3H_161,9-11,control,13.5,,95.2,,768,,,
C3H/HeJ,m,C3H_162,9-11,control,31.7,,86.5,,1310,,,
C3H/HeJ,m,C3H_163,9-11,control,29.9,,91.0,,961,,,
C3H/HeJ,m,C3H_164,9-11,fluoxetine,,37.9,,92.5,,963,1030,1160
C3H/HeJ,m,C3H_165,9-11,fluoxetine,,41.8,,86.8,,1013,819,955
C3H/HeJ,m,C3H_166,9-11,fluoxetine,,35.0,,87.8,,965,1000,1080
C3H/HeJ,m,C3H_167,9-11,fluoxetine,,50.3,,90.3,,929,795,949
C3H/HeJ,m,C3H_168,9-11,fluoxetine,,32.9,,96.2,,939,361,585
C3H/HeJ,m,C3H_169,9-11,fluoxetine,,24.8,,88.8,,840,234,279
C3H/HeJ,m,C3H_170,9-11,fluoxetine,,0.170,,92.3,,1121,1140,1260
C3H/HeJ,m,C3H_171,9-11,fluoxetine,,47.5,,89.0,,1352,645,831
C3H/HeJ,m,C3H_172,9-11,fluoxetine,,19.7,,91.2,,1137,1040,1230
C3H/HeJ,m,C3H_173,9-11,fluoxetine,,,,87.8,,1063,672,902
C3H/HeJ,m,C3H_174,9-11,fluoxetine,,22.7,,92.5,,1248,626,921
C3H/HeJ,m,C3H_175,9-11,fluoxetine,,24.1,,81.8,,1394,562,881
C3H/HeJ,m,C3H_176,9-11,fluoxetine,,39.1,,92.2,,1244,697,1010
C3H/HeJ,m,C3H_177,9-11,fluoxetine,,31.3,,88.8,,943,956,1120
C3H/HeJ,m,C3H_178,9-11,fluoxetine,,29.3,,82.5,,1045,869,1080
C57BL/6J,m,B6_179,9-11,control,41.1,,89.2,,1044,,,
C57BL/6J,m,B6_180,9-11,control,,,94.7,,680,,,
C57BL/6J,m,B6_181,9-11,control,,,90.2,,1305,,,
C57BL/6J,m,B6_182,9-11,control,,,87.0,,1137,,,
C57BL/6J,m,B6_183,9-11,control,61.2,,80.2,,1465,,,
C57BL/6J,m,B6_184,9-11,control,45.0,,79.5,,1152,,,
C57BL/6J,m,B6_185,9-11,control,49.7,,95.7,,719,,,
C57BL/6J,m,B6_186,9-11,control,,,87.2,,1373,,,
C57BL/6J,m,B6_187,9-11,control,,,89.0,,1116,,,
C57BL/6J,m,B6_188,9-11,control,25.2,,93.0,,936,,,
C57BL/6J,m,B6_189,9-11,control,66.9,,84.7,,1145,,,
C57BL/6J,m,B6_190,9-11,control,52.5,,75.5,,1469,,,
C57BL/6J,m,B6_191,9-11,fluoxetine,,40.1,,92.2,,698,1040,1430
C57BL/6J,m,B6_192,9-11,fluoxetine,,30.7,,83.7,,1486,961,1220
C57BL/6J,m,B6_193,9-11,fluoxetine,,33.8,,94.8,,876,,
C57BL/6J,m,B6_194,9-11,fluoxetine,,36.4,,94.0,,1433,1150,1350
C57BL/6J,m,B6_195,9-11,fluoxetine,,24.8,,87.3,,1465,2410,2490
C57BL/6J,m,B6_196,9-11,fluoxetine,,9.80,,90.0,,959,772,983
C57BL/6J,m,B6_197,9-11,fluoxetine,,33.1,,81.7,,980,1110,1320
C57BL/6J,m,B6_198,9-11,fluoxetine,,32.9,,90.7,,1112,1850,1770
C57BL/6J,m,B6_199,9-11,fluoxetine,,17.2,,87.0,,1564,,
C57BLKS/J,m,BLKS_200,9-11,control,36.1,,93.8,,1210,,,
C57BLKS/J,m,BLKS_201,9-11,control,12.3,,95.7,,716,,,
C57BLKS/J,m,BLKS_202,9-11,control,26.2,,89.7,,926,,,
C57BLKS/J,m,BLKS_203,9-11,control,42.0,,97.2,,533,,,
C57BLKS/J,m,BLKS_204,9-11,control,21.9,,93.0,,728,,,
C57BLKS/J,m,BLKS_205,9-11,control,50.9,,92.5,,868,,,
C57BLKS/J,m,BLKS_206,9-11,control,20.8,,92.0,,717,,,
C57BLKS/J,m,BLKS_207,9-11,control,16.4,,99.7,,303,,,
C57BLKS/J,m,BLKS_208,9-11,control,23.9,,89.5,,953,,,
C57BLKS/J,m,BLKS_209,9-11,control,30.9,,92.3,,797,,,
C57BLKS/J,m,BLKS_210,9-11,fluoxetine,,14.0,,97.5,,671,968,1090
C57BLKS/J,m,BLKS_211,9-11,fluoxetine,,32.8,,92.5,,793,2060,1420
C57BLKS/J,m,BLKS_212,9-11,fluoxetine,,9.30,,94.7,,2643,1110,1040
C57BLKS/J,m,BLKS_213,9-11,fluoxetine,,24.6,,99.7,,446,1170,1110
C57BLKS/J,m,BLKS_214,9-11,fluoxetine,,45.3,,99.0,,447,959,1110
C57BLKS/J,m,BLKS_215,9-11,fluoxetine,,32.0,,89.8,,355,861,1040
C57BLKS/J,m,BLKS_216,9-11,fluoxetine,,22.6,,88.8,,698,1240,1130
C57BLKS/J,m,BLKS_217,9-11,fluoxetine,,6.50,,92.7,,1693,1490,1550
C57BLKS/J,m,BLKS_218,9-11,fluoxetine,,0.940,,96.8,,1561,1480,1210
C57BLKS/J,m,BLKS_219,9-11,fluoxetine,,,,91.3,,940,934,1080
C57BLKS/J,m,BLKS_220,9-11,fluoxetine,,26.5,,88.2,,1006,1350,1370
C57BLKS/J,m,BLKS_221,9-11,fluoxetine,,7.44,,94.5,,804,1300,1190
C57BR/cdJ,m,BR_222,9-11,control,37.2,,61.3,,1858,,,
C57BR/cdJ,m,BR_223,9-11,control,,,53.3,,1975,,,
C57BR/cdJ,m,BR_224,9-11,control,17.3,,65.8,,2493,,,
C57BR/cdJ,m,BR_225,9-11,control,50.3,,60.8,,1704,,,
C57BR/cdJ,m,BR_226,9-11,control,52.6,,54.5,,2531,,,
C57BR/cdJ,m,BR_227,9-11,control,22.3,,77.8,,1644,,,
C57BR/cdJ,m,BR_228,9-11,control,36.7,,86.5,,1624,,,
C57BR/cdJ,m,BR_229,9-11,control,1.00,,59.0,,1809,,,
C57BR/cdJ,m,BR_230,9-11,control,,,71.5,,2469,,,
C57BR/cdJ,m,BR_231,9-11,control,9.67,,65.0,,2878,,,
C57BR/cdJ,m,BR_232,9-11,control,,,64.5,,1791,,,
C57BR/cdJ,m,BR_233,9-11,control,17.1,,83.3,,2583,,,
C57BR/cdJ,m,BR_234,9-11,control,,,77.5,,2671,,,
C57BR/cdJ,m,BR_235,9-11,control,8.50,,62.2,,1845,,,
C57BR/cdJ,m,BR_236,9-11,control,45.3,,74.3,,2139,,,
C57BR/cdJ,m,BR_237,9-11,fluoxetine,,10.3,,72.0,,1642,715,956
C57BR/cdJ,m,BR_238,9-11,fluoxetine,,27.6,,68.8,,3271,,
C57BR/cdJ,m,BR_239,9-11,fluoxetine,,2.60,,86.8,,1909,955,1450
C57BR/cdJ,m,BR_240,9-11,fluoxetine,,5.20,,69.5,,3087,896,1310
C57BR/cdJ,m,BR_241,9-11,fluoxetine,,14.2,,77.2,,1945,1530,1420
C57BR/cdJ,m,BR_242,9-11,fluoxetine,,,,71.7,,3616,2130,2510
C57BR/cdJ,m,BR_243,9-11,fluoxetine,,13.7,,71.2,,2208,,
C57BR/cdJ,m,BR_244,9-11,fluoxetine,,1.60,,54.8,,2160,699,1010
C57BR/cdJ,m,BR_245,9-11,fluoxetine,,1.17,,88.5,,2938,708,962
C57BR/cdJ,m,BR_246,9-11,fluoxetine,,23.6,,75.5,,3166,839,1150
C57BR/cdJ,m,BR_247,9-11,fluoxetine,,1.70,,72.7,,3788,586,853
C57BR/cdJ,m,BR_248,9-11,fluoxetine,,0.00,,79.3,,2820,831,983
C58/J,m,C58_249,9-11,control,19.4,,89.2,,2056,,,
C58/J,m,C58_250,9-11,control,21.7,,79.0,,1545,,,
C58/J,m,C58_251,9-11,control,9.80,,68.8,,1227,,,
C58/J,m,C58_252,9-11,control,39.7,,70.7,,1674,,,
C58/J,m,C58_253,9-11,control,29.5,,81.5,,1952,,,
C58/J,m,C58_254,9-11,control,9.80,,78.8,,1833,,,
C58/J,m,C58_255,9-11,control,25.1,,85.8,,2458,,,
C58/J,m,C58_256,9-11,control,35.2,,70.5,,3674,,,
C58/J,m,C58_257,9-11,control,12.1,,89.2,,1564,,,
C58/J,m,C58_258,9-11,fluoxetine,,32.0,,87.2,,2592,723,1030
C58/J,m,C58_259,9-11,fluoxetine,,27.9,,93.7,,1563,738,1240
C58/J,m,C58_260,9-11,fluoxetine,,17.3,,71.3,,1430,639,1180
C58/J,m,C58_261,9-11,fluoxetine,,18.5,,89.7,,1020,911,1190
C58/J,m,C58_262,9-11,fluoxetine,,28.1,,75.3,,3328,1630,2040
C58/J,m,C58_263,9-11,fluoxetine,,20.8,,90.2,,6115,1440,1640
C58/J,m,C58_264,9-11,fluoxetine,,15.2,,80.5,,2843,1100,1310
C58/J,m,C58_265,9-11,fluoxetine,,20.0,,74.5,,5409,694,1070
C58/J,m,C58_266,9-11,fluoxetine,,28.3,,79.3,,2456,1010,1320
CBA/J,m,CBA_267,9-11,control,44.7,,83.2,,1577,,,
CBA/J,m,CBA_268,9-11,control,36.1,,85.7,,1150,,,
CBA/J,m,CBA_269,9-11,control,37.2,,96.0,,593,,,
CBA/J,m,CBA_270,9-11,control,37.2,,90.8,,881,,,
CBA/J,m,CBA_271,9-11,control,50.1,,98.3,,871,,,
CBA/J,m,CBA_272,9-11,control,37.8,,95.8,,469,,,
CBA/J,m,CBA_273,9-11,control,37.6,,81.7,,1005,,,
CBA/J,m,CBA_274,9-11,control,32.6,,95.2,,631,,,
CBA/J,m,CBA_275,9-11,control,48.9,,88.0,,799,,,
CBA/J,m,CBA_276,9-11,control,,,85.2,,1863,,,
CBA/J,m,CBA_277,9-11,control,25.2,,87.7,,1725,,,
CBA/J,m,CBA_278,9-11,control,35.2,,87.0,,1161,,,
CBA/J,m,CBA_279,9-11,control,20.3,,86.7,,1183,,,
CBA/J,m,CBA_280,9-11,control,51.9,,68.8,,747,,,
CBA/J,m,CBA_281,9-11,control,30.1,,93.8,,1112,,,
CBA/J,m,CBA_282,9-11,fluoxetine,,11.9,,92.8,,1663,1250,1360
CBA/J,m,CBA_283,9-11,fluoxetine,,10.4,,75.7,,1380,732,905
CBA/J,m,CBA_284,9-11,fluoxetine,,4.72,,90.7,,1806,1130,1120
CBA/J,m,CBA_285,9-11,fluoxetine,,32.6,,92.3,,1043,656,851
CBA/J,m,CBA_286,9-11,fluoxetine,,3.30,,97.5,,796,,
CBA/J,m,CBA_287,9-11,fluoxetine,,19.6,,,,,,
CBA/J,m,CBA_288,9-11,fluoxetine,,8.20,,84.2,,1695,654,448
CBA/J,m,CBA_289,9-11,fluoxetine,,5.60,,90.2,,1685,1270,783
CBA/J,m,CBA_290,9-11,fluoxetine,,3.06,,93.5,,1668,1430,1250
CBA/J,m,CBA_291,9-11,fluoxetine,,6.83,,99.5,,1167,1380,1500
CBA/J,m,CBA_292,9-11,fluoxetine,,23.1,,95.0,,1536,1780,1730
CBA/J,m,CBA_293,9-11,fluoxetine,,11.3,,78.0,,1732,938,1150
CBA/J,m,CBA_294,9-11,fluoxetine,,10.9,,89.3,,2203,,
CBA/J,m,CBA_295,9-11,fluoxetine,,23.2,,99.2,,1211,923,929
CE/J,m,CE_296,9-11,control,31.1,,84.3,,1243,,,
CE/J,m,CE_297,9-11,control,23.5,,93.0,,1894,,,
CE/J,m,CE_298,9-11,control,34.8,,86.0,,1694,,,
CE/J,m,CE_299,9-11,control,16.3,,73.8,,1452,,,
CE/J,m,CE_300,9-11,control,43.5,,84.5,,2136,,,
CE/J,m,CE_301,9-11,control,20.6,,87.3,,904,,,
CE/J,m,CE_302,9-11,control,58.8,,92.7,,1486,,,
CE/J,m,CE_303,9-11,control,24.2,,92.5,,1568,,,
CE/J,m,CE_304,9-11,control,19.2,,87.0,,1539,,,
CE/J,m,CE_305,9-11,fluoxetine,,27.7,,85.3,,1403,1090,1340
CE/J,m,CE_306,9-11,fluoxetine,,23.3,,83.8,,1162,678,994
CE/J,m,CE_307,9-11,fluoxetine,,27.7,,76.2,,2236,822,1140
CE/J,m,CE_308,9-11,fluoxetine,,12.4,,84.5,,1800,1160,1480
CE/J,m,CE_309,9-11,fluoxetine,,19.7,,80.7,,1981,1120,1430
CE/J,m,CE_310,9-11,fluoxetine,,28.0,,83.5,,2485,1180,1500
CE/J,m,CE_311,9-11,fluoxetine,,27.0,,88.0,,1347,1320,1530
CE/J,m,CE_312,9-11,fluoxetine,,25.6,,92.8,,976,1030,1460
CE/J,m,CE_313,9-11,fluoxetine,,0.900,,82.8,,1280,1410,1670
CE/J,m,CE_314,9-11,fluoxetine,,23.4,,86.0,,1223,778,1080
CE/J,m,CE_315,9-11,fluoxetine,,7.70,,90.8,,1192,925,1280
CE/J,m,CE_316,9-11,fluoxetine,,32.9,,86.5,,1135,1500,1910
DBA/2J,m,DBA_317,9-11,control,19.8,,95.5,,962,,,
DBA/2J,m,DBA_318,9-11,control,,,92.8,,1092,,,
DBA/2J,m,DBA_319,9-11,control,34.7,,100,,71.5,,,
DBA/2J,m,DBA_320,9-11,control,1.80,,91.8,,1221,,,
DBA/2J,m,DBA_321,9-11,control,2.90,,98.8,,602,,,
DBA/2J,m,DBA_322,9-11,control,25.7,,99.7,,834,,,
DBA/2J,m,DBA_323,9-11,control,13.8,,94.0,,1717,,,
DBA/2J,m,DBA_324,9-11,control,0.200,,97.5,,1081,,,
DBA/2J,m,DBA_325,9-11,control,5.30,,95.0,,1604,,,
DBA/2J,m,DBA_326,9-11,control,1.44,,95.7,,988,,,
DBA/2J,m,DBA_327,9-11,control,14.4,,96.0,,1058,,,
DBA/2J,m,DBA_328,9-11,control,19.6,,96.3,,1223,,,
DBA/2J,m,DBA_329,9-11,control,23.7,,83.7,,1076,,,
DBA/2J,m,DBA_330,9-11,control,0.600,,94.8,,1320,,,
DBA/2J,m,DBA_331,9-11,control,30.3,,93.7,,1161,,,
DBA/2J,m,DBA_332,9-11,control,9.06,,94.5,,1247,,,
DBA/2J,m,DBA_333,9-11,control,5.61,,86.5,,1264,,,
DBA/2J,m,DBA_334,9-11,control,0.500,,92.2,,1017,,,
DBA/2J,m,DBA_335,9-11,fluoxetine,,10.3,,99.8,,1036,642,934
DBA/2J,m,DBA_336,9-11,fluoxetine,,0.600,,97.2,,2144,1400,1080
DBA/2J,m,DBA_337,9-11,fluoxetine,,,,97.5,,286,683,786
DBA/2J,m,DBA_338,9-11,fluoxetine,,,,99.0,,1471,1270,1350
DBA/2J,m,DBA_339,9-11,fluoxetine,,,,98.8,,1796,842,905
DBA/2J,m,DBA_340,9-11,fluoxetine,,9.90,,96.5,,3759,1800,1360
DBA/2J,m,DBA_341,9-11,fluoxetine,,,,98.8,,2250,677,824
DBA/2J,m,DBA_342,9-11,fluoxetine,,3.80,,99.7,,829,896,974
DBA/2J,m,DBA_343,9-11,fluoxetine,,,,99.2,,1306,1040,1160
DBA/2J,m,DBA_344,9-11,fluoxetine,,10.9,,95.0,,1459,557,720
DBA/2J,m,DBA_345,9-11,fluoxetine,,0.00,,93.3,,3025,1250,1280
DBA/2J,m,DBA_346,9-11,fluoxetine,,3.89,,98.8,,1629,583,681
DBA/2J,m,DBA_347,9-11,fluoxetine,,0.940,,96.8,,1826,,
DBA/2J,m,DBA_348,9-11,fluoxetine,,,,99.5,,1215,835,995
DBA/2J,m,DBA_349,9-11,fluoxetine,,4.94,,99.0,,1041,1440,1370
DBA/2J,m,DBA_350,9-11,fluoxetine,,,,93.3,,4405,424,958
DBA/2J,m,DBA_351,9-11,fluoxetine,,7.67,,93.5,,1536,965,1050
FVB/NJ,m,FVB_352,9-11,control,6.60,,75.7,,2775,,,
FVB/NJ,m,FVB_353,9-11,control,9.22,,74.5,,2523,,,
FVB/NJ,m,FVB_354,9-11,control,0.00,,76.2,,2318,,,
FVB/NJ,m,FVB_355,9-11,control,11.1,,76.3,,2019,,,
FVB/NJ,m,FVB_356,9-11,control,25.2,,74.7,,2795,,,
FVB/NJ,m,FVB_357,9-11,control,,,84.0,,1535,,,
FVB/NJ,m,FVB_358,9-11,control,10.4,,74.2,,2288,,,
FVB/NJ,m,FVB_359,9-11,control,28.1,,80.8,,1803,,,
FVB/NJ,m,FVB_360,9-11,control,27.7,,79.7,,1827,,,
FVB/NJ,m,FVB_361,9-11,fluoxetine,,19.9,,85.2,,2006,643,847
FVB/NJ,m,FVB_362,9-11,fluoxetine,,12.8,,78.5,,2345,45.7,27.5
FVB/NJ,m,FVB_363,9-11,fluoxetine,,28.6,,82.2,,1496,458,687
FVB/NJ,m,FVB_364,9-11,fluoxetine,,5.40,,84.8,,1817,715,998
FVB/NJ,m,FVB_365,9-11,fluoxetine,,19.4,,79.8,,1598,663,979
FVB/NJ,m,FVB_366,9-11,fluoxetine,,,,86.2,,1698,492,448
FVB/NJ,m,FVB_367,9-11,fluoxetine,,31.3,,80.0,,2403,664,958
FVB/NJ,m,FVB_368,9-11,fluoxetine,,12.2,,75.2,,1638,867,1130
FVB/NJ,m,FVB_369,9-11,fluoxetine,,26.8,,79.0,,1827,809,1110
I/LnJ,m,I_370,9-11,control,,,95.2,,1238,,,
I/LnJ,m,I_371,9-11,control,9.22,,82.7,,1795,,,
I/LnJ,m,I_372,9-11,control,,,91.8,,1779,,,
I/LnJ,m,I_373,9-11,control,79.6,,89.7,,2144,,,
I/LnJ,m,I_374,9-11,control,11.1,,95.0,,2778,,,
I/LnJ,m,I_375,9-11,control,6.60,,87.5,,1987,,,
I/LnJ,m,I_376,9-11,control,0.00,,91.3,,2043,,,
I/LnJ,m,I_377,9-11,control,25.2,,90.2,,1853,,,
I/LnJ,m,I_378,9-11,control,10.4,,91.8,,2297,,,
I/LnJ,m,I_379,9-11,control,28.1,,93.0,,2492,,,
I/LnJ,m,I_380,9-11,control,27.7,,80.3,,2312,,,
I/LnJ,m,I_381,9-11,fluoxetine,,33.8,,99.8,,153,802,726
I/LnJ,m,I_382,9-11,fluoxetine,,42.4,,95.3,,2542,1650,1500
I/LnJ,m,I_383,9-11,fluoxetine,,15.6,,95.8,,2444,1860,1980
I/LnJ,m,I_384,9-11,fluoxetine,,,,95.0,,2032,3680,1690
I/LnJ,m,I_385,9-11,fluoxetine,,,,,,,1300,1580
I/LnJ,m,I_386,9-11,fluoxetine,,12.4,,,,,,
I/LnJ,m,I_387,9-11,fluoxetine,,6.30,,93.3,,2667,1300,1350
I/LnJ,m,I_388,9-11,fluoxetine,,10.9,,84.7,,1980,1030,1190
I/LnJ,m,I_389,9-11,fluoxetine,,,,84.3,,2446,1230,1490
I/LnJ,m,I_390,9-11,fluoxetine,,28.7,,97.7,,2059,,
LG/J,m,LG_391,9-11,control,1.89,,71.3,,1887,,,
LG/J,m,LG_392,9-11,control,34.4,,97.2,,965,,,
LG/J,m,LG_393,9-11,control,0.700,,80.5,,2091,,,
LG/J,m,LG_394,9-11,control,0.200,,89.0,,1845,,,
LG/J,m,LG_395,9-11,control,,,91.3,,1433,,,
LG/J,m,LG_396,9-11,control,9.00,,95.2,,1392,,,
LG/J,m,LG_397,9-11,control,1.40,,73.0,,1871,,,
LG/J,m,LG_398,9-11,control,2.39,,91.8,,1800,,,
LG/J,m,LG_399,9-11,control,3.10,,78.7,,1962,,,
LG/J,m,LG_400,9-11,control,15.1,,83.3,,1509,,,
LG/J,m,LG_401,9-11,control,,,91.2,,1693,,,
LG/J,m,LG_402,9-11,fluoxetine,,1.10,,95.0,,1410,1550,1220
LG/J,m,LG_403,9-11,fluoxetine,,1.61,,95.3,,1101,1500,1560
LG/J,m,LG_404,9-11,fluoxetine,,0.800,,97.0,,1280,1690,1850
LG/J,m,LG_405,9-11,fluoxetine,,1.17,,100,,1002,1230,1340
LG/J,m,LG_406,9-11,fluoxetine,,0.890,,65.5,,1390,1110,1320
LG/J,m,LG_407,9-11,fluoxetine,,0.0600,,85.8,,1631,1790,2030
LG/J,m,LG_408,9-11,fluoxetine,,4.17,,99.7,,1274,2280,2410
LG/J,m,LG_409,9-11,fluoxetine,,0.440,,98.3,,1231,1330,1270
LG/J,m,LG_410,9-11,fluoxetine,,1.00,,96.7,,1120,1380,1510
LP/J,m,LP_411,9-11,control,,,56.0,,580,,,
LP/J,m,LP_412,9-11,control,49.0,,98.2,,819,,,
LP/J,m,LP_413,9-11,control,,,99.5,,557,,,
LP/J,m,LP_414,9-11,control,,,87.2,,641,,,
LP/J,m,LP_415,9-11,control,52.6,,97.5,,1032,,,
LP/J,m,LP_416,9-11,control,59.5,,97.5,,763,,,
LP/J,m,LP_417,9-11,control,69.9,,97.8,,695,,,
LP/J,m,LP_418,9-11,control,43.5,,92.2,,1868,,,
LP/J,m,LP_419,9-11,control,53.3,,90.0,,2145,,,
LP/J,m,LP_420,9-11,fluoxetine,,61.0,,98.7,,392,844,975
LP/J,m,LP_421,9-11,fluoxetine,,,,100,,24.7,761,866
LP/J,m,LP_422,9-11,fluoxetine,,59.5,,99.8,,339,1030,1230
LP/J,m,LP_423,9-11,fluoxetine,,,,95.2,,468,957,1050
LP/J,m,LP_424,9-11,fluoxetine,,,,98.8,,723,777,808
LP/J,m,LP_425,9-11,fluoxetine,,25.0,,89.7,,712,806,928
LP/J,m,LP_426,9-11,fluoxetine,,83.7,,98.5,,613,779,1010
LP/J,m,LP_427,9-11,fluoxetine,,23.5,,100,,17.0,1350,1240
LP/J,m,LP_428,9-11,fluoxetine,,11.6,,98.3,,863,868,980
LP/J,m,LP_429,9-11,fluoxetine,,56.3,,86.8,,823,939,1040
LP/J,m,LP_430,9-11,fluoxetine,,66.4,,84.8,,795,798,708
LP/J,m,LP_431,9-11,fluoxetine,,44.9,,83.0,,1368,827,940
LP/J,m,LP_432,9-11,fluoxetine,,55.6,,86.0,,1327,861,958
LP/J,m,LP_433,9-11,fluoxetine,,,,99.9,,488,410,438
LP/J,m,LP_434,9-11,fluoxetine,,56.8,,99.3,,143,310,364
LP/J,m,LP_435,9-11,fluoxetine,,52.1,,98.5,,730,263,285
LP/J,m,LP_436,9-11,fluoxetine,,45.3,,93.5,,1156,317,340
LP/J,m,LP_437,9-11,fluoxetine,,,,100,,230,331,362
LP/J,m,LP_438,9-11,fluoxetine,,,,98.2,,409,445,362
MA/MyJ,m,MA_439,9-11,control,34.1,,71.5,,2279,,,
MA/MyJ,m,MA_440,9-11,control,31.1,,81.0,,1964,,,
MA/MyJ,m,MA_441,9-11,control,14.6,,73.3,,2680,,,
MA/MyJ,m,MA_442,9-11,control,4.70,,68.7,,1589,,,
MA/MyJ,m,MA_443,9-11,control,14.1,,78.3,,3549,,,
MA/MyJ,m,MA_444,9-11,control,9.10,,83.7,,2455,,,
MA/MyJ,m,MA_445,9-11,control,50.2,,89.0,,2014,,,
MA/MyJ,m,MA_446,9-11,control,10.2,,78.8,,2326,,,
MA/MyJ,m,MA_447,9-11,control,29.6,,78.3,,2286,,,
MA/MyJ,m,MA_448,9-11,fluoxetine,,2.33,,78.7,,2902,1790,1340
MA/MyJ,m,MA_449,9-11,fluoxetine,,13.6,,85.7,,2024,1920,1410
MA/MyJ,m,MA_450,9-11,fluoxetine,,14.4,,81.8,,2196,2180,1530
MA/MyJ,m,MA_451,9-11,fluoxetine,,0.300,,98.5,,5847,2600,1620
MA/MyJ,m,MA_452,9-11,fluoxetine,,4.20,,96.7,,3316,3200,1930
MA/MyJ,m,MA_453,9-11,fluoxetine,,17.8,,93.3,,3663,1320,795
MA/MyJ,m,MA_454,9-11,fluoxetine,,1.06,,88.8,,3858,1730,1170
MA/MyJ,m,MA_455,9-11,fluoxetine,,5.61,,80.2,,3197,1270,1160
MA/MyJ,m,MA_456,9-11,fluoxetine,,25.5,,81.2,,4604,1140,874
MRL/MpJ,m,MRL_457,9-11,control,3.80,,88.7,,1835,,,
MRL/MpJ,m,MRL_458,9-11,control,,,89.0,,1315,,,
MRL/MpJ,m,MRL_459,9-11,control,1.44,,79.7,,1662,,,
MRL/MpJ,m,MRL_460,9-11,control,7.33,,87.3,,1242,,,
MRL/MpJ,m,MRL_461,9-11,control,1.94,,83.2,,1251,,,
MRL/MpJ,m,MRL_462,9-11,control,0.500,,67.7,,1299,,,
MRL/MpJ,m,MRL_463,9-11,control,8.40,,86.3,,1261,,,
MRL/MpJ,m,MRL_464,9-11,control,13.2,,79.5,,1738,,,
MRL/MpJ,m,MRL_465,9-11,control,1.20,,80.0,,1505,,,
MRL/MpJ,m,MRL_466,9-11,control,,,76.5,,1378,,,
MRL/MpJ,m,MRL_467,9-11,control,2.22,,84.3,,1703,,,
MRL/MpJ,m,MRL_468,9-11,fluoxetine,,13.3,,84.0,,1442,632,793
MRL/MpJ,m,MRL_469,9-11,fluoxetine,,3.30,,99.8,,664,646,673
MRL/MpJ,m,MRL_470,9-11,fluoxetine,,6.20,,86.3,,1360,906,938
MRL/MpJ,m,MRL_471,9-11,fluoxetine,,1.72,,86.2,,1248,893,972
MRL/MpJ,m,MRL_472,9-11,fluoxetine,,3.22,,89.5,,1339,1130,1090
MRL/MpJ,m,MRL_473,9-11,fluoxetine,,,,85.7,,1885,954,691
MRL/MpJ,m,MRL_474,9-11,fluoxetine,,0.00,,68.3,,1891,2470,2100
MRL/MpJ,m,MRL_475,9-11,fluoxetine,,0.610,,85.8,,1338,1030,1160
MRL/MpJ,m,MRL_476,9-11,fluoxetine,,4.17,,,,,939,1010
NOD/ShiLtJ,m,NOD_477,9-11,control,52.3,,80.3,,3082,,,
NOD/ShiLtJ,m,NOD_478,9-11,control,45.8,,82.8,,1400,,,
NOD/ShiLtJ,m,NOD_479,9-11,control,39.8,,78.3,,1620,,,
NOD/ShiLtJ,m,NOD_480,9-11,control,,,80.8,,3324,,,
NOD/ShiLtJ,m,NOD_481,9-11,control,49.4,,79.8,,2431,,,
NOD/ShiLtJ,m,NOD_482,9-11,control,,,76.8,,3375,,,
NOD/ShiLtJ,m,NOD_483,9-11,control,42.6,,59.2,,2419,,,
NOD/ShiLtJ,m,NOD_484,9-11,control,53.4,,55.0,,2318,,,
NOD/ShiLtJ,m,NOD_485,9-11,control,48.0,,74.5,,2569,,,
NOD/ShiLtJ,m,NOD_486,9-11,control,57.0,,73.5,,3976,,,
NOD/ShiLtJ,m,NOD_487,9-11,control,38.9,,57.2,,2849,,,
NOD/ShiLtJ,m,NOD_488,9-11,control,32.3,,,,,,,
NOD/ShiLtJ,m,NOD_497,9-11,fluoxetine,,32.4,,60.8,,2444,920,1010
NOD/ShiLtJ,m,NOD_498,9-11,fluoxetine,,40.9,,74.7,,2680,964,1270
NOD/ShiLtJ,m,NOD_499,9-11,fluoxetine,,33.0,,84.2,,1867,676,888
NOD/ShiLtJ,m,NOD_500,9-11,fluoxetine,,47.4,,88.0,,2049,696,870
NOD/ShiLtJ,m,NOD_501,9-11,fluoxetine,,,,73.8,,2573,871,1100
NOD/ShiLtJ,m,NOD_502,9-11,fluoxetine,,35.5,,74.2,,2722,929,990
NOD/ShiLtJ,m,NOD_503,9-11,fluoxetine,,34.7,,79.2,,2769,244,203
NOD/ShiLtJ,m,NOD_504,9-11,fluoxetine,,51.3,,74.3,,2245,854,913
NOD/ShiLtJ,m,NOD_505,9-11,fluoxetine,,41.3,,72.2,,2337,635,844
NOD/ShiLtJ,m,NOD_506,9-11,fluoxetine,,43.8,,74.0,,1017,1290,1160
NOD/ShiLtJ,m,NOD_507,9-11,fluoxetine,,29.2,,75.8,,3866,335,626
NOD/ShiLtJ,m,NOD_508,9-11,fluoxetine,,41.9,,,,,892,1070
NOR/LtJ,m,NOR_489,9-11,control,29.6,,73.3,,2789,,,
NOR/LtJ,m,NOR_490,9-11,control,38.3,,77.7,,2753,,,
NOR/LtJ,m,NOR_491,9-11,control,18.8,,75.3,,2126,,,
NOR/LtJ,m,NOR_492,9-11,control,37.6,,72.7,,2208,,,
NOR/LtJ,m,NOR_493,9-11,control,25.9,,86.0,,1457,,,
NOR/LtJ,m,NOR_494,9-11,control,22.9,,71.7,,2377,,,
NOR/LtJ,m,NOR_495,9-11,control,,,81.5,,3141,,,
NOR/LtJ,m,NOR_496,9-11,control,30.9,,68.3,,2434,,,
NOR/LtJ,m,NOR_509,9-11,fluoxetine,,47.6,,73.5,,2145,422,772
NOR/LtJ,m,NOR_510,9-11,fluoxetine,,19.7,,73.8,,1662,479,796
NOR/LtJ,m,NOR_511,9-11,fluoxetine,,,,72.7,,2763,107,185
NOR/LtJ,m,NOR_512,9-11,fluoxetine,,,,74.8,,2380,824,1060
NOR/LtJ,m,NOR_513,9-11,fluoxetine,,18.8,,68.5,,2280,136,209
NOR/LtJ,m,NOR_514,9-11,fluoxetine,,17.8,,49.8,,2780,584,876
NOR/LtJ,m,NOR_515,9-11,fluoxetine,,,,77.0,,1743,555,887
NOR/LtJ,m,NOR_516,9-11,fluoxetine,,15.6,,78.2,,1781,726,1060
NOR/LtJ,m,NOR_517,9-11,fluoxetine,,,,84.3,,2664,477,749
NOR/LtJ,m,NOR_518,9-11,fluoxetine,,51.9,,74.0,,2340,535,740
NOR/LtJ,m,NOR_519,9-11,fluoxetine,,33.8,,61.8,,2295,516,713
NOR/LtJ,m,NOR_520,9-11,fluoxetine,,23.9,,77.2,,2272,440,647
NOR/LtJ,m,NOR_521,9-11,fluoxetine,,,,88.0,,2369,400,760
NOR/LtJ,m,NOR_522,9-11,fluoxetine,,2.06,,79.5,,2476,622,941
NOR/LtJ,m,NOR_523,9-11,fluoxetine,,3.72,,,,,427,809
NZB/BlNJ,m,NZB_524,9-11,control,48.6,,98.3,,1207,,,
NZB/BlNJ,m,NZB_525,9-11,control,61.5,,96.2,,955,,,
NZB/BlNJ,m,NZB_526,9-11,control,5.20,,95.7,,1206,,,
NZB/BlNJ,m,NZB_527,9-11,control,38.3,,98.5,,1032,,,
NZB/BlNJ,m,NZB_528,9-11,control,58.3,,93.7,,1343,,,
NZB/BlNJ,m,NZB_529,9-11,control,,,91.2,,1289,,,
NZB/BlNJ,m,NZB_530,9-11,control,,,88.5,,1177,,,
NZB/BlNJ,m,NZB_531,9-11,control,71.6,,93.2,,1106,,,
NZB/BlNJ,m,NZB_532,9-11,control,,,95.5,,787,,,
NZB/BlNJ,m,NZB_533,9-11,control,62.3,,88.3,,1007,,,
NZB/BlNJ,m,NZB_534,9-11,control,12.5,,99.5,,663,,,
NZB/BlNJ,m,NZB_535,9-11,fluoxetine,,50.7,,99.0,,838,1370,1030
NZB/BlNJ,m,NZB_536,9-11,fluoxetine,,,,98.8,,637,2450,1720
NZB/BlNJ,m,NZB_537,9-11,fluoxetine,,55.7,,96.3,,1199,1080,1080
NZB/BlNJ,m,NZB_538,9-11,fluoxetine,,56.3,,99.5,,908,1380,1210
NZB/BlNJ,m,NZB_539,9-11,fluoxetine,,52.1,,98.5,,1104,1540,1220
NZB/BlNJ,m,NZB_540,9-11,fluoxetine,,50.1,,99.5,,979,1030,841
NZB/BlNJ,m,NZB_541,9-11,fluoxetine,,70.9,,94.8,,1564,1270,1090
NZB/BlNJ,m,NZB_542,9-11,fluoxetine,,47.5,,100,,37.8,1990,1690
NZB/BlNJ,m,NZB_543,9-11,fluoxetine,,,,98.7,,810,827,958
NZB/BlNJ,m,NZB_544,9-11,fluoxetine,,65.8,,97.2,,1432,754,877
NZB/BlNJ,m,NZB_545,9-11,fluoxetine,,58.7,,92.8,,856,1120,1140
NZB/BlNJ,m,NZB_546,9-11,fluoxetine,,51.5,,,,,922,1020
NZW/LacJ,m,NZW_547,9-11,control,18.1,,85.0,,1178,,,
NZW/LacJ,m,NZW_548,9-11,control,39.3,,83.7,,1174,,,
NZW/LacJ,m,NZW_549,9-11,control,13.7,,80.0,,1053,,,
NZW/LacJ,m,NZW_550,9-11,control,23.5,,88.7,,1150,,,
NZW/LacJ,m,NZW_551,9-11,control,,,90.5,,1266,,,
NZW/LacJ,m,NZW_552,9-11,control,53.4,,87.5,,1190,,,
NZW/LacJ,m,NZW_553,9-11,control,45.8,,90.3,,1042,,,
NZW/LacJ,m,NZW_554,9-11,control,52.8,,87.7,,743,,,
NZW/LacJ,m,NZW_555,9-11,control,30.4,,92.2,,910,,,
NZW/LacJ,m,NZW_556,9-11,fluoxetine,,49.1,,83.5,,1374,850,841
NZW/LacJ,m,NZW_557,9-11,fluoxetine,,50.1,,96.3,,1361,480,562
NZW/LacJ,m,NZW_558,9-11,fluoxetine,,49.8,,90.5,,2244,650,793
NZW/LacJ,m,NZW_559,9-11,fluoxetine,,8.20,,91.3,,874,338,546
NZW/LacJ,m,NZW_560,9-11,fluoxetine,,50.4,,80.3,,1625,719,853
NZW/LacJ,m,NZW_561,9-11,fluoxetine,,53.1,,94.8,,479,320,718
NZW/LacJ,m,NZW_562,9-11,fluoxetine,,,,85.7,,1325,623,763
NZW/LacJ,m,NZW_563,9-11,fluoxetine,,47.9,,87.5,,1348,857,1010
NZW/LacJ,m,NZW_564,9-11,fluoxetine,,,,69.2,,1526,486,780
NZW/LacJ,m,NZW_565,9-11,fluoxetine,,54.8,,,,,,
NZW/LacJ,m,NZW_566,9-11,fluoxetine,,41.4,,,,,,
P/J,m,P_567,9-11,control,26.3,,94.2,,1702,,,
P/J,m,P_568,9-11,control,33.0,,61.2,,1947,,,
P/J,m,P_569,9-11,control,,,77.7,,1688,,,
P/J,m,P_570,9-11,control,16.6,,80.2,,1787,,,
P/J,m,P_571,9-11,control,38.0,,89.8,,1863,,,
P/J,m,P_572,9-11,control,27.8,,70.2,,1863,,,
P/J,m,P_573,9-11,control,55.0,,85.0,,1660,,,
P/J,m,P_574,9-11,control,56.2,,86.5,,2149,,,
P/J,m,P_575,9-11,control,36.8,,83.3,,1607,,,
P/J,m,P_576,9-11,fluoxetine,,16.2,,99.0,,2641,3720,2320
P/J,m,P_577,9-11,fluoxetine,,3.30,,98.5,,2450,2880,2280
P/J,m,P_578,9-11,fluoxetine,,4.80,,74.3,,2560,1560,1130
P/J,m,P_579,9-11,fluoxetine,,5.80,,85.8,,4911,2700,2170
P/J,m,P_580,9-11,fluoxetine,,4.50,,,,,,
P/J,m,P_581,9-11,fluoxetine,,2.70,,,,,,
P/J,m,P_582,9-11,fluoxetine,,9.70,,93.5,,1710,640,415
P/J,m,P_583,9-11,fluoxetine,,7.80,,87.8,,1983,654,385
P/J,m,P_584,9-11,fluoxetine,,32.1,,87.3,,3461,1850,1510
P/J,m,P_585,9-11,fluoxetine,,10.2,,86.8,,1868,260,189
P/J,m,P_586,9-11,fluoxetine,,,,86.7,,2185,577,404
P/J,m,P_587,9-11,fluoxetine,,,,,,,4260,1760
P/J,m,P_588,9-11,fluoxetine,,9.60,,97.3,,1759,1640,1380
P/J,m,P_589,9-11,fluoxetine,,29.0,,93.3,,1375,,
PL/J,m,PL_590,9-11,control,57.9,,88.0,,1851,,,
PL/J,m,PL_591,9-11,control,43.3,,89.3,,1330,,,
PL/J,m,PL_592,9-11,control,46.3,,86.8,,1591,,,
PL/J,m,PL_593,9-11,control,32.1,,88.3,,1922,,,
PL/J,m,PL_594,9-11,control,63.5,,90.3,,1529,,,
PL/J,m,PL_595,9-11,control,55.4,,87.2,,2521,,,
PL/J,m,PL_596,9-11,control,52.7,,88.8,,1819,,,
PL/J,m,PL_597,9-11,control,47.0,,88.8,,2355,,,
PL/J,m,PL_598,9-11,control,49.2,,83.2,,1926,,,
PL/J,m,PL_599,9-11,control,43.6,,83.5,,1326,,,
PL/J,m,PL_600,9-11,control,21.6,,92.7,,1862,,,
PL/J,m,PL_601,9-11,control,54.1,,90.3,,1538,,,
PL/J,m,PL_602,9-11,fluoxetine,,42.6,,87.8,,1840,642,755
PL/J,m,PL_603,9-11,fluoxetine,,29.4,,94.5,,1413,788,948
PL/J,m,PL_604,9-11,fluoxetine,,51.8,,91.3,,1688,927,987
PL/J,m,PL_605,9-11,fluoxetine,,,,91.0,,2279,1110,1180
PL/J,m,PL_606,9-11,fluoxetine,,20.8,,91.0,,1741,55.2,29.3
PL/J,m,PL_607,9-11,fluoxetine,,41.8,,87.5,,1718,132,67
PL/J,m,PL_608,9-11,fluoxetine,,50.9,,89.2,,1496,870,749
PL/J,m,PL_609,9-11,fluoxetine,,38.4,,93.5,,1649,1060,1170
PL/J,m,PL_610,9-11,fluoxetine,,,,88.3,,1463,776,967
PL/J,m,PL_611,9-11,fluoxetine,,34.4,,88.8,,1784,899,928
PL/J,m,PL_612,9-11,fluoxetine,,30.4,,88.2,,2766,809,1040
PL/J,m,PL_613,9-11,fluoxetine,,41.7,,94.5,,1406,1020,1090
RIIIS/J,m,RIII_614,9-11,control,4.50,,84.0,,2325,,,
RIIIS/J,m,RIII_615,9-11,control,9.06,,87.3,,1842,,,
RIIIS/J,m,RIII_616,9-11,control,6.40,,89.0,,2387,,,
RIIIS/J,m,RIII_617,9-11,control,3.00,,88.3,,2130,,,
RIIIS/J,m,RIII_618,9-11,control,2.61,,90.0,,1864,,,
RIIIS/J,m,RIII_619,9-11,control,2.72,,87.8,,1536,,,
RIIIS/J,m,RIII_620,9-11,control,13.4,,88.5,,2445,,,
RIIIS/J,m,RIII_621,9-11,control,1.50,,90.8,,2056,,,
RIIIS/J,m,RIII_622,9-11,control,3.28,,90.3,,1872,,,
RIIIS/J,m,RIII_623,9-11,fluoxetine,,22.3,,85.7,,1759,470,621
RIIIS/J,m,RIII_624,9-11,fluoxetine,,4.20,,83.0,,1919,297,429
RIIIS/J,m,RIII_625,9-11,fluoxetine,,8.40,,89.2,,1450,340,547
RIIIS/J,m,RIII_626,9-11,fluoxetine,,12.4,,92.0,,1456,392,514
RIIIS/J,m,RIII_627,9-11,fluoxetine,,7.10,,89.5,,2056,510,667
RIIIS/J,m,RIII_628,9-11,fluoxetine,,3.80,,86.0,,2024,755,726
RIIIS/J,m,RIII_629,9-11,fluoxetine,,3.39,,93.3,,1394,465,499
RIIIS/J,m,RIII_630,9-11,fluoxetine,,1.22,,84.7,,1924,400,501
RIIIS/J,m,RIII_631,9-11,fluoxetine,,3.67,,81.2,,1808,594,617
RIIIS/J,m,RIII_632,9-11,fluoxetine,,5.89,,86.8,,2317,408,517
RIIIS/J,m,RIII_633,9-11,fluoxetine,,36.8,,86.8,,2140,424,670
RIIIS/J,m,RIII_634,9-11,fluoxetine,,0.0600,,82.0,,1655,588,635
SJL/J,m,SJL_635,9-11,control,50.0,,99.8,,461,,,
SJL/J,m,SJL_636,9-11,control,38.6,,95.2,,1004,,,
SJL/J,m,SJL_637,9-11,control,,,89.5,,1671,,,
SJL/J,m,SJL_638,9-11,control,53.4,,WD,,524,,,
SJL/J,m,SJL_639,9-11,control,42.3,,72.3,,1146,,,
SJL/J,m,SJL_640,9-11,control,31.6,,86.7,,901,,,
SJL/J,m,SJL_641,9-11,control,52.8,,93.8,,623,,,
SJL/J,m,SJL_642,9-11,control,31.7,,95.0,,1101,,,
SJL/J,m,SJL_643,9-11,control,37.7,,61.5,,1042,,,
SJL/J,m,SJL_644,9-11,control,21.0,,88.2,,718,,,
SJL/J,m,SJL_645,9-11,control,,,88.3,,1206,,,
SJL/J,m,SJL_646,9-11,fluoxetine,,58.1,,99.3,,837,1180,1180
SJL/J,m,SJL_647,9-11,fluoxetine,,63.0,,97.2,,1031,989,910
SJL/J,m,SJL_648,9-11,fluoxetine,,47.0,,98.3,,530,2090,1430
SJL/J,m,SJL_649,9-11,fluoxetine,,45.5,,99.7,,604,1560,1320
SJL/J,m,SJL_650,9-11,fluoxetine,,31.1,,99.7,,853,928,885
SJL/J,m,SJL_651,9-11,fluoxetine,,38.7,,99.5,,987,1220,997
SJL/J,m,SJL_652,9-11,fluoxetine,,35.1,,99.8,,689,1190,1230
SJL/J,m,SJL_653,9-11,fluoxetine,,23.4,,99.7,,686,1110,940
SJL/J,m,SJL_654,9-11,fluoxetine,,28.4,,66.5,,719,916,877
SJL/J,m,SJL_655,9-11,fluoxetine,,20.7,,96.2,,1466,1660,1440
SJL/J,m,SJL_656,9-11,fluoxetine,,54.2,,94.7,,985,1180,1160
SM/J,m,SM_657,9-11,control,,,87.5,,1767,,,
SM/J,m,SM_658,9-11,control,61.7,,91.5,,2197,,,
SM/J,m,SM_659,9-11,control,65.5,,91.8,,1959,,,
SM/J,m,SM_660,9-11,control,58.6,,88.0,,2084,,,
SM/J,m,SM_661,9-11,control,67.8,,86.8,,2192,,,
SM/J,m,SM_662,9-11,control,61.8,,89.7,,1714,,,
SM/J,m,SM_663,9-11,control,71.4,,83.3,,2222,,,
SM/J,m,SM_664,9-11,control,59.4,,87.2,,1860,,,
SM/J,m,SM_665,9-11,fluoxetine,,29.4,,90.7,,1539,1800,1670
SM/J,m,SM_666,9-11,fluoxetine,,48.9,,92.3,,3579,,
SM/J,m,SM_667,9-11,fluoxetine,,50.6,,91.7,,2755,94.6,83
SM/J,m,SM_668,9-11,fluoxetine,,27.7,,93.7,,3027,2310,1750
SM/J,m,SM_669,9-11,fluoxetine,,42.1,,100,,1537,125,98.8
SM/J,m,SM_670,9-11,fluoxetine,,,,99.5,,1415,2200,1110
SM/J,m,SM_671,9-11,fluoxetine,,39.8,,90.8,,6037,1410,1320
SM/J,m,SM_672,9-11,fluoxetine,,,,89.2,,2164,1210,1220
SM/J,m,SM_673,9-11,fluoxetine,,28.2,,94.5,,6574,346,2030
SWR/J,m,SWR_674,9-11,control,10.7,,85.8,,1170,,,
SWR/J,m,SWR_675,9-11,control,17.9,,86.3,,1224,,,
SWR/J,m,SWR_676,9-11,control,17.2,,80.3,,1125,,,
SWR/J,m,SWR_677,9-11,control,34.4,,80.3,,1867,,,
SWR/J,m,SWR_678,9-11,control,13.7,,87.5,,1606,,,
SWR/J,m,SWR_679,9-11,control,8.10,,85.0,,1861,,,
SWR/J,m,SWR_680,9-11,control,17.6,,84.2,,1620,,,
SWR/J,m,SWR_681,9-11,control,11.8,,90.3,,1098,,,
SWR/J,m,SWR_682,9-11,control,25.8,,86.0,,1095,,,
SWR/J,m,SWR_683,9-11,control,6.94,,87.7,,1232,,,
SWR/J,m,SWR_684,9-11,control,3.39,,81.8,,1502,,,
SWR/J,m,SWR_685,9-11,control,0.110,,82.2,,1323,,,
SWR/J,m,SWR_686,9-11,fluoxetine,,10.4,,80.3,,1688,396,133
SWR/J,m,SWR_687,9-11,fluoxetine,,14.2,,88.0,,1270,823,819
SWR/J,m,SWR_688,9-11,fluoxetine,,16.8,,82.5,,1312,1020,919
SWR/J,m,SWR_689,9-11,fluoxetine,,17.3,,88.5,,1310,1180,1030
SWR/J,m,SWR_690,9-11,fluoxetine,,26.9,,78.5,,1488,899,653
SWR/J,m,SWR_691,9-11,fluoxetine,,20.5,,90.7,,1296,668,486
SWR/J,m,SWR_692,9-11,fluoxetine,,1.40,,81.7,,1764,24.7,10
SWR/J,m,SWR_693,9-11,fluoxetine,,1.56,,69.7,,1939,1110,906
SWR/J,m,SWR_694,9-11,fluoxetine,,40.6,,73.5,,1234,93,62.5
SWR/J,m,SWR_695,9-11,fluoxetine,,19.6,,82.7,,1650,965,950
SWR/J,m,SWR_696,9-11,fluoxetine,,31.9,,84.8,,1669,813,835
SWR/J,m,SWR_697,9-11,fluoxetine,,31.0,,88.8,,1371,1000,922
